Site,Plot,Year,Sprayed,Size,Long,Lat,coords.UTM1,coords.UTM2,elevation,slope,aspect,TPI,TRI,SWness,Heatload,cover.all,foliar.cover.all,richness.all,diversity.all,evenness.all,cover.inv,foliar.cover.inv,diversity.inv,evenness.inv,richness.inv,Season,sand,clay,silt,pre_totaldiversity,pre_invdiversity,pre_natdiversity,pre_totalrichness,pre_invrichness,pre_natrichness,pre_natcover_abs,pre_invcover_abs,pre_natcover_rel,pre_invcover_rel,pre_totplantcov
1,1,2021,No,2x2,-116.033,43.57171,578044.8,4824760,1175.679,6.237841,125.939,0.003189,0.816025,-0.15749,0.693593,0.9,1.56,9,1.42488827,0.6484946,0.9,1.5,1.26839473,0.70790458,6,Fall,55.25363371,7.029359964,37.71700633,1.416077553,1.262299883,1.098612289,9,6,3,0.058823529,0.901960784,0.06122449,0.93877551,0.901960784
1,10,2021,Yes,2x2,-116.034,43.57246,578002.9,4824842,1184.029,7.647015,68.98409,0.418793,1.052399,-0.91366,0.598111,0.746,0.903,11,1.81390492,0.75645711,0.118,0.177,0.33812995,0.30777914,4,Fall,51.41912324,5.404162761,43.176714,1.812240649,1.310783678,1.319662067,11,4,7,0.666666667,0.156862745,0.80952381,0.19047619,0.745098039
1,11,2021,Yes,2x2,-116.034,43.57251,577993.5,4824847,1184.345,8.048407,43.31745,0.34201,1.087585,-0.99957,0.567988,0.608,0.608,2,0.62864183,0.90693846,0,0,1.06456318,0.76792001,0,Fall,55.80946836,10.62552309,33.56500855,0.628799394,0,0.628799394,2,0,2,0.607843137,0,1,0,0.607843137
1,12,2021,Yes,2x2,-116.034,43.57245,577978.5,4824840,1186.651,5.281117,60.8234,0.223572,0.754242,-0.96211,0.615882,0.627,0.764,5,1.28067899,0.7957306,0.02,0.02,0.76171731,0.69334497,1,Fall,55.87216318,11.70929191,32.4185449,1.280589176,0,1.191903888,5,1,4,0.62745098,0.019607843,0.96969697,0.03030303,0.62745098
1,13,2021,No,2x2,-116.034,43.57259,577977.3,4824856,1184.56,8.966177,34.11515,-0.12497,1.203278,-0.98201,0.565863,0.57,0.609,5,1.01753644,0.63223094,0,0,1.19495611,0.86197862,0,Fall,55.6780805,11.74211457,32.57980493,1.012937444,0,1.012937444,5,0,5,0.568627451,0,1,0,0.568627451
1,2,2021,Yes,2x2,-116.033,43.57185,578047.3,4824774,1176.957,7.4112,122.0738,-0.07001,1.0065,-0.22369,0.688467,0.883,1.392,5,1.29795505,0.80646481,0.569,0.843,1.31206517,0.94645496,3,Fall,53.71801606,12.72604487,33.55593907,1.29809833,0.868444639,0.257318641,5,3,2,0.509803922,0.62745098,0.448275862,0.551724138,0.882352941
1,3,2021,No,2x2,-116.034,43.57187,578034.3,4824777,1178.169,7.848784,123.1115,0.049713,1.049835,-0.20601,0.690548,0.981,1.628,8,1.2058927,0.5799118,0.981,1.491,0,0,5,Fall,50.17361111,12.18171296,37.64467593,1.204181469,0.911190752,0.955699891,8,5,3,0.137254902,0.980392157,0.122807018,0.877192982,0.980392157
1,4,2021,Yes,2x2,-116.034,43.57205,578038.2,4824796,1179.544,7.559033,110.7123,0.186829,1.056152,-0.41132,0.667796,0.961,1.294,8,1.41944435,0.68260844,0.706,0.902,0,NA,4,Fall,53.45420626,14.489205,32.05658874,1.419624999,0.571894092,1.345152922,8,4,4,0.37254902,0.764705882,0.327586207,0.672413793,0.960784314
1,5,2021,Yes,2x2,-116.034,43.57201,578023.6,4824792,1180.077,7.144707,123.8017,0.161087,0.942307,-0.19421,0.691304,0.765,1.12,9,1.49920856,0.68231922,0.686,1.001,0,0,5,Fall,NA,NA,NA,1.494584036,1.148162979,1.242453325,9,5,4,0.117647059,0.725490196,0.139534884,0.860465116,0.764705882
1,6,2021,Yes,2x2,-116.034,43.5722,578033.5,4824814,1180.1,7.767746,92.42914,0.206619,1.066299,-0.6765,0.633857,0.941,1.255,8,1.1071899,0.53244579,0.764,0.96,0.86886992,0.79087948,3,Fall,54.1705382,15.83875348,29.99070831,1.105913328,0.339322323,1.28687263,8,3,5,0.294117647,0.882352941,0.25,0.75,0.941176471
1,7,2021,Yes,2x2,-116.034,43.57212,578015.5,4824804,1182.125,6.982691,112.558,-0.01608,0.975433,-0.38175,0.672246,0.822,1.489,9,1.86548913,0.84902069,0.568,0.96,0.91322181,0.56741661,4,Fall,54.01612193,11.88657208,34.09730599,1.8648047,1.063626495,1.487352411,9,4,5,0.411764706,0.705882353,0.368421053,0.631578947,0.823529412
1,8,2021,Yes,2x2,-116.034,43.57232,578009.5,4824826,1182.865,7.995424,88.57511,0.267349,1.118942,-0.72447,0.625542,0.923,1.685,8,1.60764056,0.77311169,0.687,1.117,0.57166347,0.41236802,3,Fall,51.50834853,12.06678827,36.4248632,1.608563414,0.762052167,1.376934965,8,3,5,0.490196078,0.843137255,0.367647059,0.632352941,0.921568627
1,9,2021,Yes,2x2,-116.034,43.57225,577998.9,4824819,1184.794,5.664468,114.3815,0.126434,0.771942,-0.35214,0.676934,0.687,0.979,9,1.84815095,0.84112975,0.471,0.666,1.1503314,0.71474108,4,Fall,55.07572021,12.07139073,32.85288906,1.84769143,1.194517158,1.276719705,9,4,5,0.31372549,0.529411765,0.372093023,0.627906977,0.68627451
10,1,2021,Yes,2x2,-116.03,43.58086,578326.6,4825779,1184.919,17.38955,60.64936,-0.79445,2.461105,-0.96293,0.476243,0.962,2.021,12,1.99627215,0.80335901,0.628,1.314,1.12676145,0.81278658,4,Fall,75.16656803,7.422538707,17.41089326,1.99430621,1.125957305,1.678540058,12,4,7,0.411764706,0.803921569,0.287671233,0.561643836,0.960784314
10,10,2021,Yes,2x2,-116.031,43.58122,578252.4,4825817,1201.047,20.97838,62.82077,-0.10945,3.038223,-0.95202,0.443363,0.883,1.688,13,1.91251192,0.7456334,0.588,1.04,1.21800803,0.67978322,6,Fall,67.67095271,8.695816842,23.63323044,1.910613358,1.207597228,1.304437853,13,6,7,0.529411765,0.725490196,0.421875,0.578125,0.882352941
10,11,2021,No,2x2,-116.031,43.58119,578238.4,4825815,1207.498,20.08185,71.4495,-0.57756,2.894333,-0.89533,0.475418,0.961,1.882,8,1.64803333,0.7925365,0.784,1.49,1.22976993,0.88709149,4,Fall,NA,NA,NA,1.647986919,1.163387045,1.033114088,8,4,4,0.352941176,0.941176471,0.272727273,0.727272727,0.960784314
10,12,2021,Yes,2x2,-116.031,43.58132,578237.2,4825829,1206.937,20.48902,80.21446,-0.10287,2.880127,-0.817,0.498709,1.002,2.001,11,1.63457833,0.68167211,0.883,1.236,1.43816836,0.73907234,5,Fall,77.44714174,6.473505612,16.07935265,1.632895359,0.84091997,1.172475218,11,5,6,0.647058824,0.960784314,0.402439024,0.597560976,1
10,13,2021,Yes,2x2,-116.031,43.58133,578225.7,4825829,1210.742,21.3085,81.36399,-0.05743,3.033386,-0.80527,0.495294,0.921,1.647,9,1.75503177,0.79874938,0.823,1.216,1.03866522,0.74923858,5,Fall,81.62024395,5.796468232,12.58328782,1.756044156,1.385347881,0.660578888,9,6,3,0.352941176,0.882352941,0.285714286,0.714285714,0.921568627
10,2,2021,No,2x2,-116.03,43.58091,578321.4,4825784,1183.781,14.4705,76.50769,-0.88614,2.042419,-0.85257,0.543702,0.962,1.943,10,1.70783387,0.74170283,0.648,1.118,1.20906651,0.67479287,5,Fall,75.31608154,6.895631114,17.78828734,1.705193457,1.126976629,0.789837883,10,6,3,0.431372549,0.823529412,0.265060241,0.506024096,0.960784314
10,3,2021,Yes,2x2,-116.03,43.5809,578312,4825783,1186.981,18.29652,76.67085,-0.39609,2.591248,-0.85108,0.507787,0.982,1.709,15,2.13139844,0.78706017,0.255,0.451,1.16308959,0.83899179,5,Fall,NA,NA,NA,2.128193825,1.546168948,1.478490734,15,6,8,0.529411765,0.470588235,0.329268293,0.292682927,0.980392157
10,4,2021,Yes,2x2,-116.03,43.58098,578304.9,4825791,1190.457,17.67728,74.39121,0.079941,2.476303,-0.87129,0.507172,0.941,2.059,9,1.62212929,0.73826286,0.902,1.784,0.84255229,0.52350717,6,Fall,73.77572875,7.492648927,18.73162232,1.621174781,1.316581019,0.655975732,9,6,3,0.274509804,0.941176471,0.225806452,0.774193548,0.941176471
10,5,2021,Yes,2x2,-116.03,43.58096,578294.6,4825790,1193.405,16.98577,71.22962,0.020889,2.390274,-0.89703,0.505511,1,2.294,8,1.68323097,0.80946299,0.961,1.902,1.25545177,0.78005604,5,Fall,67.80446381,8.890693939,23.30484225,1.682751215,1.265732906,1.029653014,8,5,3,0.274509804,1,0.202898551,0.739130435,1
10,6,2021,No,2x2,-116.03,43.58105,578289.4,4825799,1192.381,16.01424,70.11251,-0.021,2.276642,-0.90548,0.512545,0.961,1.746,11,1.66537704,0.69451617,0.941,1.451,1.05974069,0.65845391,6,Fall,67.20861362,8.78620879,24.00517759,1.663297892,1.217791223,1.169992997,11,6,5,0.254901961,0.941176471,0.209677419,0.774193548,0.960784314
10,7,2021,Yes,2x2,-116.031,43.58099,578270.6,4825793,1198.186,20.09815,63.80658,-0.12257,2.866104,-0.94661,0.454854,1.002,2.217,8,1.72048791,0.82737979,0.903,1.55,1.43486387,0.89153105,4,Fall,67.52339528,8.495735186,23.98086953,1.719596359,1.381856055,0.47875333,8,5,3,0.568627451,0.980392157,0.367088608,0.632911392,1
10,8,2021,Yes,2x2,-116.031,43.58111,578269,4825805,1199.644,20.44183,59.7156,-0.09569,2.906693,-0.9672,0.441532,0.999,2.432,11,1.94850249,0.81258865,0.647,1.393,1.31716147,0.73512181,7,Fall,70.1046798,8.128078818,21.76724138,1.947641317,1.271938313,1.239096346,11,6,5,0.784313725,0.862745098,0.449438202,0.494382022,1
10,9,2021,Yes,2x2,-116.031,43.58107,578258.8,4825801,1204.848,21.20866,57.71702,-0.1198,2.994736,-0.97547,0.428987,0.94,1.94,9,1.83459186,0.83495874,0.608,1.117,1.26649427,0.78691714,4,Fall,65.84238233,8.951222829,25.20639484,1.834475493,1.037799985,1.308991803,9,4,5,0.705882353,0.764705882,0.48,0.52,0.941176471
2,1,2021,Yes,2x2,-116.003,43.56606,580531.6,4824161,983.0366,9.597401,125.6559,0.060394,1.275024,-0.16236,0.696854,0.843,1.333,5,1.26434833,0.78558379,0.823,1.215,1.05898694,0.7638976,4,Fall,67.43874283,3.962165785,28.59909138,1.26362438,1.26362438,0,5,5,0,0,0.843137255,0,1,0.843137255
2,10,2021,Yes,2x2,-116.002,43.56665,580596,4824227,978.059,11.48056,120.1786,-0.25503,1.553307,-0.25581,0.682756,0.981,1.804,6,1.25072092,0.69804064,0.981,1.765,1.26592161,0.91316942,5,Fall,63.57709751,3.599773243,32.82312925,1.250174569,1.250174569,0,6,6,0,0,0.980392157,0,1,0.980392157
2,11,2021,Yes,2x2,-116.002,43.56664,580608.4,4824226,976.4136,9.991408,131.5327,-0.3947,1.380722,-0.06048,0.710814,1,2.021,7,1.08335043,0.55673199,0.98,1.981,1.26202135,0.91035597,5,Fall,59.12453524,3.863697344,37.01176741,1.080824419,1.036226042,0,7,6,1,0.019607843,1,0.019230769,0.980769231,1
2,12,2021,Yes,2x2,-116.002,43.56676,580611.1,4824239,976.6295,9.286563,119.3249,0.305344,1.305695,-0.27018,0.682612,0.804,1.078,5,1.40187553,0.87103424,0.706,0.941,1.17237166,0.72843547,3,Fall,44.92354518,21.62475542,33.4516994,1.401930737,1.230806864,0,5,4,1,0.078431373,0.764705882,0.093023256,0.906976744,0.803921569
2,13,2021,No,2x2,-116.002,43.56676,580621.5,4824240,975.0207,8.705685,112.1861,0.02581,1.148918,-0.38774,0.668029,0.924,1.647,7,1.5385202,0.79064298,0.806,1.412,1.1594701,0.83638088,5,Fall,52.90190215,11.2946413,35.80345655,1.538645378,1.435849618,0,7,6,1,0.058823529,0.921568627,0.06,0.94,0.921568627
2,2,2021,No,2x2,-116.003,43.56617,580531,4824173,983.9784,9.492614,125.0105,0.018585,1.260468,-0.17347,0.695332,0.882,1.51,4,1.15209775,0.83106286,0.882,1.451,1.17177982,0.72806774,3,Fall,75.95056188,5.243005467,18.80643265,1.151755154,1.151755154,0,4,4,0,0,0.882352941,0,1,0.882352941
2,3,2021,Yes,2x2,-116.003,43.56621,580546.7,4824178,983.5904,10.16094,125.2141,0.045036,1.362526,-0.16997,0.696136,0.863,1.45,4,1.24738611,0.89979888,0.785,1.274,0.99203689,0.61638718,3,Fall,71.55628629,2.10998647,26.33372724,1.247936783,1.247936783,0,4,4,0,0,0.862745098,0,1,0.862745098
2,4,2021,Yes,2x2,-116.003,43.56633,580548.8,4824191,984.6675,10.77902,125.6417,0.060524,1.451546,-0.16261,0.697448,0.844,1.02,5,1.33721027,0.83085546,0.824,1,1.07020964,0.97414679,4,Fall,73.42007435,1.115241636,25.46468401,1.336122822,1.336122822,0,5,5,0,0,0.843137255,0,1,0.843137255
2,5,2021,Yes,2x2,-116.002,43.5663,580560.9,4824188,981.1899,11.18946,112.6844,-0.01199,1.548035,-0.37971,0.663029,0.941,1.785,4,1.18677854,0.85607976,0.941,1.785,1.22278372,0.75975825,4,Fall,70.87955477,4.572631896,24.54781333,1.186553843,1.186553843,0,4,4,0,0,0.941176471,0,1,0.941176471
2,6,2021,Yes,2x2,-116.002,43.56641,580564.9,4824201,981.9686,11.9398,111.1672,0.000687,1.669678,-0.40407,0.656648,0.942,1.686,5,1.34662744,0.83670667,0.922,1.647,1.02724896,0.9350423,4,Fall,70.28800865,7.319898077,22.39209327,1.346962827,1.346962827,0,5,5,0,0,0.941176471,0,1,0.941176471
2,7,2021,Yes,2x2,-116.002,43.56641,580577.7,4824200,979.9862,10.93671,109.7106,-0.12236,1.52684,-0.42719,0.655969,0.96,1.647,4,1.26202135,0.91035597,0.96,1.647,0.99897706,0.90930811,4,Fall,65.85250866,8.674681318,25.47281002,1.262296663,1.262296663,0,4,4,0,0,0.960784314,0,1,0.960784314
2,8,2021,Yes,2x2,-116.002,43.56653,580578.2,4824214,981.2017,11.70371,106.3554,-0.11749,1.630646,-0.47938,0.644147,1,1.962,8,1.39016627,0.66852866,0.941,1.844,1.26551534,0.91287635,5,Fall,74.45762167,7.1724451,18.36993323,1.389087076,1.273453075,0.636514168,8,6,2,0.058823529,1,0.055555556,0.944444444,1
2,9,2021,No,2x2,-116.002,43.56651,580594.4,4824212,976.9808,10.52287,100.7007,-0.00609,1.455063,-0.56352,0.635102,0.941,1.824,5,1.23804714,0.76924194,0.941,1.785,1.18677854,0.85607976,4,Fall,73.17236754,7.630971011,19.19666145,1.23798259,1.23798259,0,5,5,0,0,0.941176471,0,1,0.941176471
3,1,2021,Yes,2x2,-116.008,43.56642,580120.8,4824196,1027.02,17.78146,129.0558,0.059113,2.35495,-0.10356,0.708129,0.49,0.569,6,1.44530947,0.80664257,0.333,0.412,1.0372009,0.7481823,4,Fall,54.07559684,9.557240657,36.3671625,1.442925933,1.035695964,0.376770161,6,4,2,0.156862745,0.392156863,0.285714286,0.714285714,0.490196078
3,10,2021,No,2x2,-116.007,43.56649,580205.2,4824205,1014.931,9.713309,103.5293,0.233452,1.327766,-0.52206,0.645642,0.823,1.039,3,0.81217764,0.73927595,0.784,1,0.75453454,0.68680694,2,Fall,60.29086788,9.066011899,30.64312022,0.81260914,0.677494404,0,3,2,1,0.039215686,0.823529412,0.045454545,0.954545455,0.823529412
3,11,2021,Yes,2x2,-116.007,43.56641,580213.3,4824196,1012.62,16.02807,106.3963,0.806541,2.248177,-0.47875,0.624486,0.864,1.235,4,0.9468329,0.68299556,0.844,0.921,0.99446934,0.71735799,3,Fall,59.06110572,7.573229874,33.3656644,0.947101684,0.947101684,0,4,4,0,0,0.862745098,0,1,0.862745098
3,12,2021,Yes,2x2,-116.006,43.56644,580231.6,4824199,1004.852,21.00849,104.8624,-0.33324,3.063866,-0.50208,0.591133,0.706,1.118,8,1.55493924,0.74776771,0.608,0.863,0.62518534,0.56906822,4,Fall,61.81355453,7.902724102,30.28372137,1.554501383,1.276729205,1.054920168,8,5,3,0.098039216,0.68627451,0.125,0.875,0.705882353
3,13,2021,Yes,2x2,-116.007,43.56635,580228.1,4824189,1007.701,21.04897,112.1327,0.210403,3.009613,-0.3886,0.623972,0.843,1.137,5,1.06955952,0.66455469,0.784,0.882,0.74546288,0.67854955,3,Fall,61.38968623,8.456893992,30.15341978,1.068252983,0.911857099,0,5,4,1,0.058823529,0.823529412,0.066666667,0.933333333,0.843137255
3,2,2021,Yes,2x2,-116.008,43.56649,580110.6,4824204,1031.555,18.36134,128.5831,0.045441,2.44278,-0.11176,0.705727,0.805,1.137,5,1.29040746,0.80177523,0.785,1.117,0.67757821,0.97753873,4,Fall,48.38037859,10.26442039,41.35520101,1.289799086,1.223799556,0,5,4,1,0.019607843,0.803921569,0.023809524,0.976190476,0.803921569
3,3,2021,No,2x2,-116.008,43.56663,580125.4,4824219,1030.843,17.55989,124.9634,0.013748,2.396622,-0.17428,0.691549,0.765,0.902,5,0.73454607,0.45639914,0.706,0.843,0.50938795,0.4636649,4,Fall,59.17451949,6.861954319,33.96352619,0.73201146,0.525173599,0,5,4,1,0.058823529,0.745098039,0.073170732,0.926829268,0.764705882
3,4,2021,Yes,2x2,-116.008,43.56673,580115.2,4824230,1035.272,18.40719,120.9871,-0.0609,2.565903,-0.24214,0.673246,0.803,1.097,5,1.14918449,0.71402847,0.725,0.96,1.00184163,0.72267598,3,Fall,58.19766422,7.76774747,34.03458831,1.149988716,1.032798265,0,5,4,1,0.039215686,0.803921569,0.046511628,0.953488372,0.803921569
3,5,2021,Yes,2x2,-116.008,43.56674,580129.6,4824232,1030.009,16.50812,123.8842,-0.02136,2.25766,-0.19279,0.688767,0.961,1.628,8,1.44413963,0.69448436,0.902,1.314,0.53624366,0.48811002,5,Fall,65.22813248,7.318767853,27.45309967,1.443446998,1.312384444,0.636514168,8,6,2,0.058823529,0.960784314,0.057692308,0.942307692,0.960784314
3,6,2021,Yes,2x2,-116.008,43.56688,580124.1,4824247,1035.748,17.60232,118.1236,0.030685,2.464737,-0.29031,0.663464,0.726,1.039,4,1.04494611,0.75376929,0.667,0.902,1.22342157,0.88251212,3,Fall,61.74299721,6.823276412,31.43372638,1.044108439,1.044108439,0,4,4,0,0,0.725490196,0,1,0.725490196
3,7,2021,Yes,2x2,-116.008,43.56692,580138.9,4824252,1032.951,16.68012,116.0085,-0.01564,2.35817,-0.32543,0.657846,0.863,1.334,6,1.33655556,0.74594586,0.765,1.098,0.52744498,0.38047113,4,Fall,63.39807358,7.484604453,29.11732196,1.334278579,1.276400372,0,6,5,1,0.019607843,0.862745098,0.022222222,0.977777778,0.862745098
3,8,2021,Yes,2x2,-116.007,43.5665,580185.7,4824206,1017.343,8.395087,130.4847,-0.05653,1.176147,-0.07873,0.705332,0.764,0.941,4,1.04000678,0.75020631,0.588,0.686,0.79765641,0.72605815,3,Fall,52.87768398,8.665818588,38.45649744,1.038840426,1.038840426,0,4,4,0,0,0.764705882,0,1,0.764705882
3,9,2021,No,2x2,-116.007,43.56642,580195.2,4824197,1015.676,7.385985,131.9316,0.266174,1.085785,-0.05353,0.705518,0.922,1.568,4,1.08318232,0.78135088,0.608,0.823,1.03748263,0.6446242,3,Fall,55.12621686,7.324501579,37.54928156,1.083921311,1.083921311,0,4,4,0,0,0.921568627,0,1,0.921568627
4,1,2021,Yes,2x2,-116.016,43.5839,579427.9,4826129,1190.627,15.62389,227.9223,-0.14592,2.109879,0.9987,0.825713,0.648,0.981,5,1.01939663,0.63338674,0.648,0.961,0.93899746,0.67734349,4,Fall,85.87716072,3.066142738,11.05669654,1.016779205,0.93748989,0,5,4,1,0.019607843,0.647058824,0.029411765,0.970588235,0.647058824
4,10,2021,Yes,2x2,-116.016,43.58233,579445.6,4825956,1165.188,19.78383,146.2677,0.01268,2.779739,0.195393,0.782062,0.784,1.04,6,0.95749607,0.53438873,0.784,0.961,0.84497902,0.76913305,4,Fall,83.11288886,5.216719047,11.67039209,0.955818176,0.698529049,0.562335145,6,4,2,0.078431373,0.784313725,0.090909091,0.909090909,0.784313725
4,11,2021,Yes,2x2,-116.016,43.58239,579455.5,4825962,1162.955,20.04699,147.4443,-0.35039,2.843887,0.215491,0.787645,0.844,1.295,5,1.21078885,0.75230541,0.824,1.256,1.09795758,0.6821994,4,Fall,84.37747546,4.766660926,10.85586361,1.211435776,1.109255624,0,5,4,1,0.039215686,0.823529412,0.045454545,0.954545455,0.843137255
4,12,2021,No,2x2,-116.016,43.58248,579458.8,4825972,1166.406,19.99441,152.0815,0.107086,2.82959,0.293732,0.806124,0.765,1.098,4,0.89951894,0.64886575,0.745,1.078,0.68784335,0.99234819,3,Fall,83.32696516,4.918545278,11.75448956,0.898844553,0.823980463,0,4,3,1,0.019607843,0.764705882,0.025,0.975,0.764705882
4,13,2021,Yes,2x2,-116.016,43.58252,579467.8,4825977,1168.15,16.75339,161.2361,0.033585,2.348862,0.442071,0.819602,0.981,1.686,5,1.29138737,0.80238409,0.961,1.549,0.76510283,0.55190503,4,Fall,85.38450228,3.49948537,11.11601235,1.291993972,1.099308425,0,5,4,1,0.137254902,0.960784314,0.125,0.875,0.980392157
4,2,2021,Yes,2x2,-116.016,43.58398,579433.5,4826138,1194.507,13.59553,232.8088,0.176331,1.810699,0.990727,0.817636,0.784,1.393,4,1.28873835,0.92962821,0.431,1.04,0.69880713,0.50408279,3,Fall,86.06188885,3.778403624,10.15970752,1.288498083,0.967646334,0,4,3,1,0.352941176,0.705882353,0.333333333,0.666666667,0.784313725
4,3,2021,Yes,2x2,-116.016,43.58405,579427.2,4826146,1194.136,11.85963,224.5702,-0.10698,1.553848,0.999972,0.79049,0.803,1.098,6,1.08712568,0.60673639,0.764,1.019,1.10904406,0.80000618,4,Fall,85.11246045,4.62498931,10.26255024,1.086441585,0.849645083,0.562335145,6,4,2,0.078431373,0.803921569,0.088888889,0.911111111,0.803921569
4,4,2021,No,2x2,-116.016,43.58415,579432.4,4826157,1197.253,13.31039,226.0411,-0.05611,1.721268,0.999835,0.803504,0.823,1.392,4,1.21811821,0.87868655,0.823,1.392,0.82351094,0.74959196,4,Fall,NA,NA,NA,1.218689912,1.218689912,0,4,4,0,0,0.823529412,0,1,0.823529412
4,5,2021,Yes,2x2,-116.016,43.58424,579424.6,4826167,1196.969,15.12256,214.4344,-0.86607,2.169571,0.983045,0.835642,0.588,0.667,4,0.64594701,0.46595228,0.549,0.628,1.09884712,0.79265065,3,Fall,91.07576928,2.924494526,5.999736193,0.644482362,0.447062054,0,4,3,1,0.039215686,0.568627451,0.064516129,0.935483871,0.588235294
4,6,2021,Yes,2x2,-116.016,43.58434,579432.4,4826178,1201.683,17.04936,210.4254,0.074966,2.410172,0.967821,0.858901,0.648,0.862,3,0.84497902,0.76913305,0.648,0.862,0.96798492,0.88109784,3,Fall,85.80372689,4.356685066,9.839588041,0.845465229,0.845465229,0,3,3,0,0,0.647058824,0,1,0.647058824
4,7,2021,Yes,2x2,-116.016,43.58211,579429.4,4825930,1158.035,20.29022,150.9068,0.012024,2.875793,0.274073,0.802543,0.845,1.393,7,1.3336228,0.68534655,0.805,1.275,0.8488397,0.61230841,5,Fall,80.98220449,6.14172433,12.87607118,1.33236555,1.033802964,0.79631164,7,4,3,0.117647059,0.803921569,0.125,0.854166667,0.843137255
4,8,2021,No,2x2,-116.016,43.5822,579434.4,4825940,1161.242,19.33061,149.8763,0.098923,2.685745,0.256733,0.795126,0.862,1.157,3,0.76323344,0.69472502,0.862,1.137,1.21811821,0.87868655,2,Fall,NA,NA,NA,0.762044921,0.687786823,0,3,2,1,0.019607843,0.862745098,0.022222222,0.977777778,0.862745098
4,9,2021,Yes,2x2,-116.016,43.58224,579442.9,4825945,1162.246,18.73629,145.4491,-0.04228,2.572769,0.181362,0.775935,0.902,1.059,4,0.76510283,0.55190503,0.902,1.059,0.44949017,0.40914358,4,Fall,87.55064178,4.634432623,7.814925599,0.762600421,0.762600421,0,4,4,0,0,0.901960784,0,1,0.901960784
5,1,2021,Yes,2x2,-116.018,43.58026,579307.6,4825724,1106.824,11.49978,181.0391,0.079208,1.548264,0.719814,0.807701,0.98,1.843,5,1.34805346,0.83759271,0.745,1.51,0.98908381,0.90030289,3,Fall,75.22198732,8.964059197,15.81395349,1.348465999,0.989170899,0.362210557,5,3,2,0.039215686,0.901960784,0.031746032,0.73015873,0.980392157
5,10,2021,Yes,2x2,-116.017,43.57966,579365.4,4825658,1095.514,5.226271,185.3632,0.014053,0.712936,0.770103,0.740572,0.843,0.98,2,0.470774,0.67918332,0.843,0.98,0.96831964,0.69849497,2,Fall,86.60454281,3.698311008,9.697146185,0.471393487,0.471393487,0,2,2,0,0,0.843137255,0,1,0.843137255
5,11,2021,Yes,2x2,-116.017,43.57954,579375.9,4825644,1094.754,5.377546,194.0658,-0.01268,0.745224,0.857758,0.743394,0.961,1.784,6,1.15124607,0.64252267,0.941,1.764,0.67080311,0.61059131,5,Fall,81.02273318,5.632142052,13.34512476,1.151332604,1.102954691,0,6,5,1,0.019607843,0.960784314,0.02,0.98,0.960784314
5,12,2021,No,2x2,-116.017,43.57962,579389.2,4825653,1096.251,5.212267,211.8435,-0.03197,0.702927,0.973752,0.737823,0.941,1.472,5,1.08772564,0.67584194,0.941,1.452,1.08982143,0.78613999,4,Fall,65.59612846,9.796157794,24.60771374,1.086112683,1.029022428,0,5,4,1,0.019607843,0.941176471,0.020408163,0.979591837,0.941176471
5,13,2021,Yes,2x2,-116.017,43.57951,579396.6,4825641,1094.425,5.919829,205.2667,-0.12,0.811249,0.941274,0.748153,0.824,0.824,4,0.69306703,0.49994218,0.726,0.726,0.68284144,0.98513196,2,Fall,72.476128,9.09687295,18.42699905,0.693045191,0.28140184,0.673011667,4,2,2,0.039215686,0.725490196,0.047619048,0.880952381,0.823529412
5,2,2021,Yes,2x2,-116.018,43.5803,579316.6,4825728,1106.757,11.17203,179.1177,-0.01541,1.48999,0.696135,0.802721,0.845,1.569,6,1.55424791,0.86744227,0.668,1.255,0.470774,0.67918332,4,Fall,70.2397041,7.653460417,22.10683548,1.554445198,1.196909077,0.482577565,6,4,2,0.058823529,0.784313725,0.053571429,0.714285714,0.843137255
5,3,2021,Yes,2x2,-116.017,43.5802,579333.8,4825718,1104.698,11.30057,177.6027,-0.01492,1.520966,0.67691,0.802648,1.001,1.627,5,0.97454177,0.60551685,0.981,1.588,1.10210766,0.68477799,4,Fall,73.769501,6.497185812,19.73331319,0.975626802,0.883332469,0,5,4,1,0.039215686,1,0.037735849,0.962264151,1
5,4,2021,No,2x2,-116.017,43.58026,579345.4,4825724,1106.645,11.08047,177.9952,0.048584,1.486176,0.681937,0.80078,0.903,1.706,4,1.31760478,0.95045094,0.903,1.706,1.029818,0.74285666,4,Fall,76.62736318,5.691482638,17.68115419,1.317703501,1.317703501,0,4,4,0,0,0.901960784,0,1,0.901960784
5,5,2021,Yes,2x2,-116.017,43.58018,579349.4,4825715,1104.564,11.68067,177.2591,0.049408,1.561218,0.672484,0.806136,0.667,1,6,1.34682109,0.75167516,0.608,0.882,0.2818535,0.40662865,3,Fall,78.09990839,6.294120817,15.60597079,1.345479192,0.998696023,0.867563228,6,3,3,0.039215686,0.62745098,0.052631579,0.842105263,0.666666667
5,6,2021,No,2x2,-116.018,43.57976,579323,4825668,1096.535,6.361204,180.4337,0.005554,0.843292,0.712439,0.751882,0.883,1.412,5,1.10143382,0.68435931,0.883,1.353,1.19640948,0.86302701,4,Fall,67.01513873,8.4046639,24.58019737,1.100274749,0.967376913,0,5,4,1,0.058823529,0.882352941,0.0625,0.9375,0.882352941
5,7,2021,Yes,2x2,-116.017,43.57981,579326,4825674,1097.684,7.440221,180.1419,-0.10065,0.992523,0.708856,0.763679,0.843,1,4,0.95456945,0.6885763,0.804,0.882,0.8825846,0.63665021,3,Fall,69.1063001,7.581092217,23.31260769,0.955195629,0.672049748,0,4,3,1,0.117647059,0.803921569,0.127659574,0.872340426,0.843137255
5,8,2021,Yes,2x2,-116.017,43.57965,579336,4825657,1095.464,6.307515,179.4432,0.067459,0.843948,0.700201,0.750852,0.922,1.413,4,1.08982143,0.78613999,0.922,1.413,1.31760478,0.95045094,4,Fall,62.48017521,10.08987237,27.42995242,1.088973183,1.088973183,0,4,4,0,0,0.921568627,0,1,0.921568627
5,9,2021,Yes,2x2,-116.017,43.5797,579347.9,4825661,1095.356,6.001335,179.7721,-0.06955,0.810974,0.704289,0.747595,0.864,1.294,3,0.8370422,0.76190865,0.844,1.235,0.99842606,0.90880656,2,Fall,64.78593706,9.101219166,26.11284378,0.836774226,0.682908105,0,3,2,1,0,0.862745098,0,0.936170213,0.862745098
6,1,2021,Yes,2x2,-116.02,43.58007,579121.9,4825700,1120.099,19.6853,60.60921,-0.40225,2.728882,-0.96312,0.451543,0.804,1.216,7,1.47557194,0.75829397,0.706,1.099,1.16529751,0.84058447,4,Fall,61.47742029,10.56124657,27.96133314,1.475855535,1.164273019,1.098612289,7,4,3,0.078431373,0.803921569,0.085106383,0.872340426,0.803921569
6,10,2021,Yes,2x2,-116.021,43.58052,579055.4,4825750,1138.944,27.10007,64.41756,-0.0647,3.992615,-0.94312,0.387818,0.823,1.314,7,1.4034689,0.72124034,0.685,0.941,0.82126275,0.59241585,4,Fall,77.89696083,7.627715478,14.47532369,1.403074164,0.845858168,0.708018976,7,4,3,0.31372549,0.745098039,0.290909091,0.690909091,0.823529412
6,11,2021,Yes,2x2,-116.021,43.58045,579081.5,4825742,1128.383,24.24759,63.95066,-0.00273,3.499954,-0.9458,0.413638,0.922,1.471,9,1.45884228,0.66394774,0.823,1.117,1.04543692,0.5372483,6,Fall,72.70960577,9.050527485,18.23986674,1.458311695,0.986988251,0.654669565,9,6,3,0.352941176,0.862745098,0.290322581,0.709677419,0.921568627
6,12,2021,Yes,2x2,-116.02,43.5804,579091.9,4825737,1124.292,23.79997,63.77687,-0.12042,3.465149,-0.94678,0.417542,0.767,1.353,8,1.59078345,0.76500513,0.531,0.824,0.9669247,0.53965095,6,Fall,72.55492921,9.108667746,18.33640304,1.590524731,1.343646942,0.264052052,8,6,2,0.529411765,0.62745098,0.457627119,0.542372881,0.764705882
6,13,2021,No,2x2,-116.02,43.58046,579099.6,4825744,1118.497,23.44227,61.45112,-0.02171,3.356369,-0.95906,0.415039,0.902,1.393,6,1.13010602,0.63072418,0.706,0.981,0.77424537,0.48106569,4,Fall,70.83116533,9.157657397,20.01117728,1.127911273,0.658944498,0.191444082,6,4,2,0.392156863,0.843137255,0.3125,0.671875,0.901960784
6,2,2021,No,2x2,-116.02,43.58017,579117.9,4825711,1122.211,21.42398,66.65735,-0.02261,3.077362,-0.92941,0.448799,0.884,1.432,10,1.83797237,0.79822126,0.707,1.02,0.84576984,0.61009397,5,Fall,NA,NA,NA,1.836322803,1.211633229,1.161120818,10,5,4,0.352941176,0.823529412,0.295081967,0.68852459,0.882352941
6,3,2021,No,2x2,-116.02,43.58016,579105,4825710,1125.907,23.08,66.11136,-0.07845,3.384048,-0.93288,0.430941,0.903,1.513,12,2.04581212,0.82329536,0.667,1.042,0.98619863,0.55040793,7,Fall,66.18164665,12.83065423,20.98769912,2.044102222,1.580720192,1.076810283,12,7,5,0.431372549,0.803921569,0.349206349,0.650793651,0.901960784
6,4,2021,Yes,2x2,-116.02,43.5802,579097.6,4825715,1128.13,23.89748,66.17949,-0.02098,3.470444,-0.93245,0.423174,0.882,1.43,5,1.35048823,0.83910552,0.49,0.803,1.34430381,0.75027024,3,Fall,69.14080072,8.756935073,22.10226421,1.350823706,0.84628856,0.433398873,5,3,2,0.568627451,0.666666667,0.46031746,0.53968254,0.882352941
6,5,2021,Yes,2x2,-116.02,43.58023,579088.1,4825717,1132.308,24.08894,66.03741,0.109207,3.519272,-0.93335,0.420924,0.942,1.667,10,1.74842364,0.75933074,0.706,1.019,0.66090734,0.47674387,5,Fall,77.95669073,7.57912271,14.46418656,1.746136819,1.245769834,0.814111041,10,5,5,0.568627451,0.764705882,0.426470588,0.573529412,0.941176471
6,6,2021,Yes,2x2,-116.02,43.58033,579083.2,4825729,1130.299,24.2922,64.56902,-0.04785,3.553772,-0.94224,0.414885,0.843,1.06,8,1.58058785,0.76010209,0.49,0.588,1.21219148,0.75317692,4,Fall,75.99818854,8.513850102,15.48796136,1.578056011,0.819983452,0.979983164,8,4,4,0.431372549,0.509803922,0.448979592,0.530612245,0.843137255
6,7,2021,Yes,2x2,-116.021,43.58025,579073.2,4825719,1136.319,24.35165,66.36642,-0.01593,3.575928,-0.93127,0.419324,0.922,1.53,10,1.58705286,0.6892483,0.824,1.138,1.58316948,0.81358817,7,Fall,74.86374833,7.820167187,17.31608449,1.585909867,1.043884172,0.937636962,10,7,3,0.392156863,0.901960784,0.303030303,0.696969697,0.921568627
6,8,2021,Yes,2x2,-116.021,43.58042,579069.2,4825739,1132.503,24.83333,63.4826,0.029495,3.620804,-0.94842,0.4067,0.922,1.569,10,1.61562202,0.70165573,0.706,1.078,0.84565653,0.76974975,6,Fall,77.4074777,8.198899222,14.39362308,1.61471457,0.966515462,1.05327621,10,6,4,0.274509804,0.882352941,0.2,0.642857143,0.921568627
6,9,2021,Yes,2x2,-116.021,43.58046,579058.6,4825743,1141.019,26.39518,65.64046,-0.12015,3.926392,-0.93581,0.397872,0.901,1.313,7,1.27273111,0.65405441,0.784,1,1.2463453,0.77439788,5,Fall,75.03078874,8.087789276,16.88142198,1.272716784,0.773427129,0.562335145,7,5,2,0.274509804,0.823529412,0.25,0.75,0.901960784
7,1,2021,No,2x2,-116.024,43.578,578770.1,4825467,1167.426,20.42945,153.6777,0.126404,2.930054,0.320245,0.814029,0.589,0.786,8,1.46063407,0.70241651,0.373,0.53,0.96857468,0.60180928,5,Fall,66.25534198,10.98181415,22.76284388,1.457562944,1.086639781,0.286835983,8,6,2,0.235294118,0.411764706,0.363636364,0.636363636,0.588235294
7,10,2021,Yes,2x2,-116.025,43.57801,578738.5,4825467,1168.88,16.2813,201.6537,0.149277,2.333817,0.918127,0.860731,0.862,1.235,3,0.79784548,0.72623025,0.862,1.235,1.17646235,0.73097716,3,Fall,86.22600435,4.591331882,9.182663764,0.798818405,0.798818405,0,3,3,0,0,0.862745098,0,1,0.862745098
7,11,2021,Yes,2x2,-116.025,43.57792,578725.2,4825457,1164.697,17.49923,212.9082,-0.03551,2.413193,0.977813,0.858927,0.668,0.863,5,0.885444,0.55015729,0.609,0.804,1.0916248,0.78744084,3,Fall,86.81967087,3.73953524,9.440793885,0.883850568,0.634825127,0.636514168,5,3,2,0.058823529,0.647058824,0.083333333,0.916666667,0.666666667
7,12,2021,Yes,2x2,-116.025,43.57809,578725.7,4825476,1170.442,17.35064,209.1882,0.311401,2.424255,0.962162,0.863319,0.804,1.079,4,0.90504981,0.65285543,0.745,1,0.91910329,0.66299288,2,Fall,87.32685878,2.642891259,10.03024996,0.903564494,0.649248355,0.562335145,4,2,2,0.078431373,0.745098039,0.095238095,0.904761905,0.803921569
7,13,2021,No,2x2,-116.025,43.57811,578714.3,4825477,1168.618,18.59268,215.0014,0.166687,2.568237,0.984812,0.864065,0.844,1.06,4,0.83754208,0.6041589,0.785,0.903,1.08604261,0.98855859,3,Fall,81.64221043,4.495785201,13.86200437,0.835928614,0.488870505,0,4,3,1,0.156862745,0.784313725,0.166666667,0.833333333,0.843137255
7,2,2021,Yes,2x2,-116.025,43.5781,578762.1,4825478,1172.046,17.50322,161.4856,0.333115,2.508011,0.445973,0.825119,0.941,1.568,4,1.09179138,0.78756101,0.941,1.313,0.79784548,0.72623025,3,Fall,74.26438127,7.554847502,18.18077122,1.092381007,0.774434283,0,4,3,1,0.254901961,0.941176471,0.213114754,0.786885246,0.941176471
7,3,2021,Yes,2x2,-116.025,43.57808,578752.4,4825475,1172.715,15.89053,174.7553,0.394501,2.24939,0.63951,0.842508,0.824,1.001,3,0.57909243,0.52711265,0.824,1.001,0.63573589,0.57867174,3,Fall,83.17033811,4.54183112,12.28783077,0.578325287,0.578325287,0,3,3,0,0,0.823529412,0,1,0.823529412
7,4,2021,Yes,2x2,-116.025,43.57818,578744.3,4825486,1175.296,16.15134,191.8476,0.258499,2.252914,0.837219,0.861324,0.588,0.745,3,0.86862036,0.79065232,0.588,0.745,0.649284,0.93671881,3,Fall,83.18207757,4.771459603,12.04646282,0.868347117,0.868347117,0,3,3,0,0,0.588235294,0,1,0.588235294
7,5,2021,Yes,2x2,-116.025,43.57818,578733.5,4825486,1174.362,16.4101,203.026,0.169159,2.321503,0.927354,0.861038,0.785,0.981,4,0.89104454,0.64275277,0.765,0.902,0.49081619,0.44676015,2,Fall,85.11447535,4.385114475,10.50041017,0.889099238,0.61450332,0.562335145,4,2,2,0.078431373,0.764705882,0.093023256,0.906976744,0.784313725
7,6,2021,Yes,2x2,-116.025,43.57834,578734.2,4825503,1180.068,17.76332,206.8343,0.280975,2.514954,0.950159,0.870015,0.764,1.236,7,1.54492033,0.793932,0.568,0.785,0.77359841,0.70415962,5,Fall,77.7297094,4.785102981,17.48518762,1.543250988,1.174324625,0.387212375,7,5,2,0.411764706,0.588235294,0.411764706,0.588235294,0.764705882
7,7,2021,No,2x2,-116.024,43.57787,578765.4,4825452,1162.761,16.38961,149.7532,-0.17027,2.268417,0.254656,0.783076,0.688,0.98,8,1.67268742,0.80439262,0.569,0.765,0.57909243,0.52711265,4,Fall,65.27089386,10.63445945,24.09464669,1.67284045,1.298625647,1.078992208,8,5,3,0.117647059,0.647058824,0.153846154,0.846153846,0.68627451
7,8,2021,Yes,2x2,-116.025,43.57799,578760.1,4825465,1168.937,18.47729,159.3568,0.275177,2.643433,0.412417,0.824603,0.941,1.588,5,1.17935766,0.73277611,0.902,1.392,0.86862036,0.79065232,4,Fall,71.12576085,9.116543181,19.75769597,1.179171032,0.91885344,0,5,4,1,0.196078431,0.901960784,0.178571429,0.821428571,0.941176471
7,9,2021,Yes,2x2,-116.025,43.5779,578748.4,4825455,1166.94,14.76034,185.1622,0.169998,2.0746,0.767861,0.844145,0.765,1.059,4,1.33072643,0.95991621,0.667,0.922,0.61494098,0.8871723,3,Fall,84.5947439,4.135427354,11.26982874,1.331006152,1.086117064,0,4,3,1,0.137254902,0.666666667,0.170731707,0.829268293,0.764705882
8,1,2021,Yes,2x2,-116.037,43.58641,577705.8,4826388,1269.094,16.54159,166.8759,0.204529,2.32608,0.528081,0.832291,0.824,1.313,7,1.63026036,0.83778809,0.745,1.156,1.35974509,0.84485713,5,Fall,64.11373582,11.82064445,24.06561973,1.630927093,1.360496104,0.562335145,7,5,2,0.156862745,0.784313725,0.166666667,0.833333333,0.823529412
8,10,2021,Yes,2x2,-116.037,43.58691,577770.4,4826444,1272.839,15.02501,127.0648,-0.13008,2.002792,-0.13805,0.701841,0.785,1.255,9,1.77936406,0.80982348,0.491,0.745,1.55168343,0.86601101,5,Fall,59.64753292,12.37105451,27.98141257,1.778502157,1.215404547,0.938808922,9,5,4,0.450980392,0.549019608,0.450980392,0.549019608,0.784313725
8,11,2021,Yes,2x2,-116.037,43.587,577769.8,4826455,1274.46,16.24779,120.5825,-0.0522,2.258377,-0.24899,0.676557,0.805,1.294,6,1.58826673,0.88642854,0.432,0.648,1.36890262,0.98745451,2,Fall,66.01321959,9.912810952,24.07396946,1.589286138,0.681624434,1.110653481,6,2,4,0.549019608,0.549019608,0.5,0.5,0.803921569
8,12,2021,No,2x2,-116.037,43.58707,577760.2,4826462,1277.152,17.67527,124.7703,0.122391,2.435135,-0.1776,0.690585,0.804,1.255,7,1.69515486,0.87113728,0.588,0.824,1.3217364,0.821241,5,Fall,71.58749881,9.205772723,19.20672847,1.694693477,1.321090608,0.535959889,7,5,2,0.392156863,0.68627451,0.363636364,0.636363636,0.803921569
8,13,2021,Yes,2x2,-116.037,43.58726,577768.8,4826483,1280.999,20.07157,108.4227,-0.42319,2.877777,-0.4474,0.612064,0.784,1.354,9,1.6468288,0.74950409,0.215,0.55,1.04158251,0.6471716,5,Fall,NA,NA,NA,1.645907278,1.483703903,0.620212807,9,5,4,0.725490196,0.411764706,0.637931034,0.362068966,0.784313725
8,2,2021,Yes,2x2,-116.037,43.58641,577716.6,4826389,1268.207,16.75085,158.2969,0.229965,2.373123,0.395496,0.811335,0.883,1.335,8,1.77285755,0.85256426,0.549,0.746,1.21561195,0.75530217,4,Fall,63.95831341,11.28979826,24.75188833,1.772212108,1.151848271,1.002595354,8,4,4,0.549019608,0.607843137,0.474576271,0.525423729,0.882352941
8,3,2021,Yes,2x2,-116.037,43.58648,577721.5,4826396,1269.43,17.22059,151.7674,-0.13284,2.417053,0.288488,0.793425,0.765,1.001,7,1.5510303,0.7970719,0.471,0.55,0.68166724,0.98343794,5,Fall,65.69260544,11.8037059,22.50368866,1.549289245,1.250101887,0.387212375,7,5,2,0.431372549,0.490196078,0.468085106,0.531914894,0.764705882
8,4,2021,Yes,2x2,-116.037,43.58649,577731.1,4826397,1267.972,16.68239,151.1022,-0.12943,2.327148,0.277352,0.78878,0.843,1.255,9,1.68979821,0.76906031,0.392,0.667,1.32165791,0.82119223,6,Fall,63.39055202,11.00490727,25.60454071,1.68939694,1.450948334,0.485094091,9,6,3,0.568627451,0.490196078,0.537037037,0.462962963,0.843137255
8,5,2021,No,2x2,-116.037,43.58661,577738.9,4826411,1270.756,17.9499,150.6325,-0.05453,2.515198,0.269466,0.792668,0.607,0.901,8,1.96270689,0.9438625,0.293,0.431,1.48507429,0.92272853,4,Fall,64.44652542,10.95633852,24.59713606,1.961851813,1.351265685,1.194835832,8,4,4,0.431372549,0.37254902,0.536585366,0.463414634,0.607843137
8,6,2021,Yes,2x2,-116.037,43.5866,577749.9,4826409,1267.677,17.29375,149.218,0.008148,2.402344,0.245612,0.785049,0.727,0.883,11,2.15668178,0.89940616,0.413,0.471,1.15141652,0.83057145,6,Fall,65.82198953,10.50928129,23.66872918,2.153599171,1.548973927,1.364049502,11,6,5,0.392156863,0.431372549,0.476190476,0.523809524,0.725490196
8,7,2021,Yes,2x2,-116.037,43.5867,577751.3,4826421,1270.457,16.98602,148.3284,0.194,2.352631,0.230533,0.780758,0.745,1.04,7,1.72288417,0.88538732,0.608,0.883,1.25214946,0.7780042,4,Fall,67.77622378,9.816317016,22.40745921,1.722470262,1.368861076,0.900256051,7,4,3,0.156862745,0.62745098,0.2,0.8,0.745098039
8,8,2021,Yes,2x2,-116.037,43.58674,577763,4826425,1271.181,16.07313,141.6335,0.205612,2.137527,0.115518,0.754489,0.393,0.432,7,1.65815387,0.85212253,0.255,0.294,1.45288902,0.8108728,5,Fall,61.10524876,11.53710869,27.35764255,1.657180079,1.32175584,0.410116318,7,5,2,0.137254902,0.254901961,0.35,0.65,0.392156863
8,9,2021,No,2x2,-116.037,43.58685,577765.4,4826437,1273.083,15.8126,135.7675,-0.1244,2.067429,0.013395,0.733208,0.843,1.256,7,1.57517248,0.80947853,0.451,0.726,1.35077745,0.97437996,5,Fall,59.37379502,12.55494717,28.07125781,1.574019183,1.039562633,0.692461153,7,5,2,0.509803922,0.607843137,0.456140351,0.543859649,0.843137255
9,1,2021,No,2x2,-116.032,43.58234,578121.2,4825941,1227.42,19.45716,65.92798,0.013062,2.777283,-0.93403,0.466768,0.922,1.648,7,1.46025754,0.75042393,0.549,0.903,1.30642458,0.81172723,5,Fall,58.55164488,11.99820806,29.45014706,1.45842368,1.305227066,0.121692403,7,5,2,0.725490196,0.666666667,0.521126761,0.478873239,0.921568627
9,10,2021,Yes,2x2,-116.033,43.5828,578084.3,4825991,1233.144,21.16455,77.02018,-0.14322,3.029083,-0.84786,0.482068,0.862,1.549,13,2.24176785,0.87400082,0.685,1.02,1.57652165,0.87987349,8,Fall,51.7319143,15.03432177,33.23376392,2.241919561,1.841959112,1.133172587,13,8,5,0.411764706,0.745098039,0.355932203,0.644067797,0.862745098
9,11,2021,Yes,2x2,-116.033,43.58276,578089.6,4825987,1229.487,19.96867,74.15247,-0.18958,2.868011,-0.87333,0.484412,0.941,2.039,10,1.83801753,0.79824087,0.489,1.314,1.45909638,0.74982721,7,Fall,50.01048438,13.78600431,36.20351131,1.837560217,1.444976665,0.71877137,10,7,3,0.62745098,0.784313725,0.444444444,0.555555556,0.941176471
9,12,2021,Yes,2x2,-116.033,43.58266,578091.4,4825976,1230.439,19.61727,68.24022,-0.48405,2.815933,-0.91886,0.471161,0.803,1.489,12,2.27168025,0.91419138,0.568,1.097,1.23045206,0.88758354,6,Fall,52.33004592,13.70172401,33.96823007,2.271322672,1.714642794,1.639956646,12,6,6,0.333333333,0.764705882,0.293103448,0.672413793,0.803921569
9,13,2021,No,2x2,-116.032,43.58266,578110.4,4825977,1224.31,19.45354,65.01134,-0.14296,2.791183,-0.93962,0.464497,0.843,1.509,10,2.00751031,0.87185065,0.569,1.157,1.20004509,0.66975792,6,Fall,46.81200595,9.338822211,43.84917184,2.008080077,1.513964238,1.301481068,10,6,4,0.294117647,0.666666667,0.306122449,0.693877551,0.843137255
9,2,2021,Yes,2x2,-116.032,43.58241,578117.3,4825948,1229.175,20.03477,65.54668,-0.03343,2.868698,-0.93639,0.459887,0.784,1.099,11,2.14142097,0.89304191,0.471,0.668,1.84111796,0.88539058,7,Fall,55.3633218,12.01635735,32.62032086,2.140650503,1.619437378,1.240684292,11,7,4,0.392156863,0.549019608,0.416666667,0.583333333,0.784313725
9,3,2021,Yes,2x2,-116.033,43.5824,578104.1,4825948,1232.53,21.1045,65.82596,-0.1098,3.021088,-0.93466,0.449775,0.922,1.98,10,2.00916476,0.87256917,0.784,1.627,1.44579482,0.74299156,7,Fall,58.08254933,11.25070609,30.66674458,2.008466193,1.643650004,1.060856947,10,7,3,0.333333333,0.901960784,0.26984127,0.73015873,0.921568627
9,4,2021,Yes,2x2,-116.033,43.58252,578097.7,4825960,1234.378,21.55877,59.85605,0.082932,3.086655,-0.96657,0.430235,0.882,1.432,8,1.85090174,0.89009559,0.646,1.079,1.71489202,0.95709946,5,Fall,55.35208197,12.44095633,32.2069617,1.850890385,1.460750127,0.777789932,8,5,3,0.333333333,0.745098039,0.309090909,0.690909091,0.882352941
9,5,2021,No,2x2,-116.033,43.58246,578089.9,4825954,1234.378,21.55877,59.85605,0.082932,3.086655,-0.96657,0.430235,0.862,1.47,9,1.75799905,0.80009985,0.372,0.745,1.51402042,0.84499088,5,Fall,55.52276308,11.83719864,32.64003829,1.758354891,1.431516563,0.689178804,9,5,4,0.68627451,0.588235294,0.538461538,0.461538462,0.862745098
9,6,2021,Yes,2x2,-116.033,43.58254,578078.1,4825963,1241.743,23.33083,62.60991,0.108765,3.361572,-0.95314,0.419103,0.902,1.313,10,1.899782,0.82506484,0.784,1.156,1.62136258,0.83321554,6,Fall,57.88555685,11.86054348,30.25389967,1.899420238,1.577168329,1.213007566,10,6,4,0.137254902,0.843137255,0.14,0.86,0.901960784
9,7,2021,Yes,2x2,-116.033,43.58268,578077.5,4825979,1238.061,22.18848,70.58673,-0.13991,3.234085,-0.90193,0.452441,0.962,1.902,11,1.86460231,0.77759956,0.668,1.118,1.64455683,0.84513503,7,Fall,51.7565872,13.80175659,34.44165621,1.863659494,1.458073977,0.798172243,11,7,4,0.666666667,0.803921569,0.453333333,0.546666667,0.960784314
9,8,2021,Yes,2x2,-116.033,43.58263,578063.2,4825972,1243.495,21.9088,62.56959,0.014725,3.139755,-0.95335,0.433255,0.901,1.881,8,1.68089066,0.80833754,0.568,1.097,1.4609636,0.90774772,4,Fall,53.21619439,14.27198278,32.51182283,1.680747768,1.230912265,0.680453634,8,4,4,0.725490196,0.745098039,0.493333333,0.506666667,0.901960784
9,9,2021,Yes,2x2,-116.033,43.58276,578077.7,4825987,1237.015,21.15012,76.01402,-0.00198,3.056366,-0.85704,0.47898,0.844,1.492,14,2.02124043,0.76589486,0.53,0.784,1.4313313,0.88933614,6,Fall,50.53143089,15.30211217,34.16645693,2.018011953,1.198643452,1.468036011,14,6,8,0.529411765,0.62745098,0.457627119,0.542372881,0.843137255
