Site,Plot,Year,ALDE,BRAR5,BRBR5,BRTE,BUAR3,CHJU,ERCI6,HOUM,LASE,POBU,SECE,SIAL2,TACA8,TRDU,VEDU,VUMY
1,1,2021,0,0.012987013,0,0.519480519,0,0.246753247,0.077922078,0.012987013,0.12987013,0,0,0,0,0,0,0
1,1,2022,0,0,0.058823529,0.361344538,0,0.277310924,0.067226891,0.067226891,0.067226891,0.092436975,0,0,0,0,0.008403361,0
1,1,2023,0,0.165048544,0,0.300970874,0,0.339805825,0.029126214,0,0,0.087378641,0,0,0,0,0.058252427,0.019417476
1,1,2024,0,0.25,0,0.354166667,0,0.135416667,0.03125,0,0,0.114583333,0,0,0.010416667,0,0.09375,0.010416667
1,2,2021,0,0,0,0.581395349,0,0.348837209,0,0,0.069767442,0,0,0,0,0,0,0
1,2,2022,0,0,0,1,0,0,0,0,0,0,0,0,0,0,0,0
1,2,2023,0,0,0,0.078947368,0,0.815789474,0,0,0,0.105263158,0,0,0,0,0,0
1,2,2024,0,0,0,0.444444444,0,0.481481481,0,0,0,0.074074074,0,0,0,0,0,0
1,3,2021,0,0,0,0.605263158,0,0.328947368,0,0,0.013157895,0.013157895,0,0,0.039473684,0,0,0
1,3,2022,0,0,0.009708738,0.388349515,0,0.203883495,0.058252427,0.038834951,0.077669903,0.116504854,0,0,0.087378641,0.019417476,0,0
1,3,2023,0,0.089285714,0,0.196428571,0,0.294642857,0.044642857,0.017857143,0,0.205357143,0,0,0.116071429,0,0,0.035714286
1,3,2024,0,0.039473684,0,0.223684211,0,0.171052632,0.039473684,0.013157895,0.013157895,0.092105263,0,0,0.302631579,0.026315789,0,0.078947368
1,4,2021,0,0,0,0.847826087,0,0.086956522,0.043478261,0,0,0.02173913,0,0,0,0,0,0
1,4,2022,0,0,0,0.655172414,0,0,0.034482759,0,0,0.275862069,0,0,0.034482759,0,0,0
1,4,2023,0,0.073170732,0,0.243902439,0,0.268292683,0.195121951,0,0,0.219512195,0,0,0,0,0,0
1,4,2024,0,0,0,0.3,0,0.166666667,0.366666667,0,0,0.166666667,0,0,0,0,0,0
1,5,2021,0,0,0,0.509803922,0,0.156862745,0.294117647,0.019607843,0,0.019607843,0,0,0,0,0,0
1,5,2022,0,0,0,0.75,0,0,0,0,0,0.25,0,0,0,0,0,0
1,5,2023,0,0,0,0.071428571,0,0.642857143,0.107142857,0,0,0.178571429,0,0,0,0,0,0
1,5,2024,0,0,0,0,0,0.7,0.3,0,0,0,0,0,0,0,0,0
1,6,2021,0,0,0,0.918367347,0,0.040816327,0,0,0,0,0,0,0.040816327,0,0,0
1,6,2022,0,0,0,0.5,0,0,0,0,0,0.5,0,0,0,0,0,0
1,6,2023,0,0,0,0,0,0,0,0,0,1,0,0,0,0,0,0
1,6,2024,0,0,0,0.5,0,0.125,0,0,0,0.375,0,0,0,0,0,0
1,7,2021,0,0,0,0.551020408,0,0.244897959,0.183673469,0,0,0.020408163,0,0,0,0,0,0
1,7,2022,0,0,0,0.6,0,0,0,0,0,0.4,0,0,0,0,0,0
1,7,2023,0,0,0,0.08,0,0.68,0.04,0,0,0.2,0,0,0,0,0,0
1,7,2024,0,0.096774194,0,0.096774194,0,0.290322581,0.451612903,0,0,0.032258065,0,0,0,0.032258065,0,0
1,8,2021,0,0,0,0.649122807,0,0.315789474,0,0,0,0.035087719,0,0,0,0,0,0
1,8,2022,0,0,0,0.9,0,0,0,0,0,0.1,0,0,0,0,0,0
1,8,2023,0,0.019607843,0,0.078431373,0,0.784313725,0.098039216,0,0,0.019607843,0,0,0,0,0,0
1,8,2024,0,0.090909091,0,0.309090909,0,0.345454545,0.236363636,0,0,0.018181818,0,0,0,0,0,0
1,9,2021,0,0,0,0.5,0,0.264705882,0.147058824,0,0,0.088235294,0,0,0,0,0,0
1,9,2022,0,0,0,0.428571429,0,0,0,0,0,0.571428571,0,0,0,0,0,0
1,9,2023,0,0,0,0.045454545,0,0.818181818,0.090909091,0,0.045454545,0,0,0,0,0,0,0
1,9,2024,0,0,0,0.076923077,0,0.538461538,0.230769231,0,0,0.153846154,0,0,0,0,0,0
1,10,2021,0,0,0,0.333333333,0,0.222222222,0,0,0,0.333333333,0,0,0,0,0,0.111111111
1,10,2022,0,0,0,0,0,0,0,0,0,1,0,0,0,0,0,0
1,10,2023,0,0,0,0,0,0,0,0,0.111111111,0.888888889,0,0,0,0,0,0
1,10,2024,0,0.5,0,0.5,0,0,0,0,0,0,0,0,0,0,0,0
1,11,2021,0,0,0,0,0,0,0,0,0,0,0,0,0,0,0,0
1,11,2022,0,0,0,0.666666667,0,0,0,0,0,0.333333333,0,0,0,0,0,0
1,11,2023,0,0,0,0,0,0,0,0,0,0.833333333,0,0,0,0,0.166666667,0
1,11,2024,0,0,0,0,0,0,0,0,0,1,0,0,0,0,0,0
1,12,2021,0,0,0,0,0,0,0,0,0,1,0,0,0,0,0,0
1,12,2022,0,0,0,0,0,0,0,0,0,1,0,0,0,0,0,0
1,12,2023,0,0,0,0,0,0.066666667,0,0,0,0.933333333,0,0,0,0,0,0
1,12,2024,0,0,0,0,0,0.111111111,0,0,0,0.888888889,0,0,0,0,0,0
1,13,2021,0,0,0,0,0,0,0,0,0,0,0,0,0,0,0,0
1,13,2022,0,0,0,0.093023256,0,0,0,0.069767442,0.046511628,0.76744186,0,0,0,0,0,0.023255814
1,13,2023,0,0.130434783,0,0,0,0,0,0,0,0.565217391,0,0,0.043478261,0,0.130434783,0.130434783
1,13,2024,0,0.486486486,0,0,0,0,0,0.027027027,0,0.378378378,0,0,0.027027027,0,0,0.081081081
2,1,2021,0,0,0,0.323529412,0,0.470588235,0.073529412,0,0,0.044117647,0,0,0,0,0,0.088235294
2,1,2022,0,0,0,0.414634146,0,0.56097561,0,0,0,0.024390244,0,0,0,0,0,0
2,1,2023,0,0,0,0.151515152,0,0.651515152,0.151515152,0,0,0.045454545,0,0,0,0,0,0
2,1,2024,0,0,0,0.25862069,0,0.603448276,0.137931034,0,0,0,0,0,0,0,0,0
2,2,2021,0,0,0,0.454545455,0,0.337662338,0.168831169,0,0,0,0,0,0,0,0,0.038961039
2,2,2022,0,0,0,0.465753425,0,0.328767123,0.123287671,0.02739726,0,0.054794521,0,0,0,0,0,0
2,2,2023,0,0,0,0.272727273,0,0.363636364,0.171717172,0,0,0.070707071,0,0,0,0,0,0.121212121
2,2,2024,0,0,0,0.3,0,0.344444444,0.2,0,0,0.055555556,0,0,0,0,0,0.1
2,3,2021,0,0,0,0.378378378,0,0.378378378,0.121621622,0,0,0,0,0,0,0,0,0.121621622
2,3,2022,0,0,0,0.214285714,0,0.642857143,0.071428571,0,0,0.071428571,0,0,0,0,0,0
2,3,2023,0,0,0,0.196721311,0,0.672131148,0.114754098,0,0,0.016393443,0,0,0,0,0,0
2,3,2024,0,0,0,0.258064516,0,0.548387097,0.096774194,0,0,0.096774194,0,0,0,0,0,0
2,4,2021,0,0,0,0.442307692,0,0.25,0.173076923,0,0,0.115384615,0,0,0,0,0,0.019230769
2,4,2022,0,0,0,0.25,0,0.4,0,0,0,0.35,0,0,0,0,0,0
2,4,2023,0,0,0,0.020833333,0,0.666666667,0.020833333,0,0,0.291666667,0,0,0,0,0,0
2,4,2024,0,0,0,0.057142857,0,0.342857143,0.085714286,0,0,0.514285714,0,0,0,0,0,0
2,5,2021,0,0,0,0.362637363,0,0.373626374,0.230769231,0,0,0.032967033,0,0,0,0,0,0
2,5,2022,0,0,0,0.111111111,0,0.444444444,0,0,0,0.444444444,0,0,0,0,0,0
2,5,2023,0,0,0,0.043478261,0,0.579710145,0.144927536,0,0,0.231884058,0,0,0,0,0,0
2,5,2024,0,0,0,0.105263158,0,0.657894737,0.078947368,0,0,0.157894737,0,0,0,0,0,0
2,6,2021,0,0,0,0.418604651,0,0.290697674,0.151162791,0,0,0.11627907,0,0,0,0,0,0.023255814
2,6,2022,0,0,0,0.1875,0,0.4375,0,0,0,0.375,0,0,0,0,0,0
2,6,2023,0,0,0,0.022727273,0,0.681818182,0,0,0,0.295454545,0,0,0,0,0,0
2,6,2024,0,0,0,0.019230769,0,0.557692308,0.076923077,0,0,0.346153846,0,0,0,0,0,0
2,7,2021,0,0,0,0.392857143,0,0.345238095,0.107142857,0,0,0.154761905,0,0,0,0,0,0
2,7,2022,0,0,0,0.074074074,0,0.481481481,0,0,0,0.444444444,0,0,0,0,0,0
2,7,2023,0,0,0,0,0,0.816666667,0.05,0,0,0.133333333,0,0,0,0,0,0
2,7,2024,0,0,0,0,0,0.625,0,0,0,0.375,0,0,0,0,0,0
2,8,2021,0,0,0,0.453608247,0,0.350515464,0.092783505,0,0.010309278,0.06185567,0,0,0,0,0,0.030927835
2,8,2022,0,0,0,0.5625,0,0.0625,0,0,0,0.375,0,0,0,0,0,0
2,8,2023,0,0,0,0.0625,0,0.734375,0.078125,0,0,0.125,0,0,0,0,0,0
2,8,2024,0,0,0,0.022222222,0,0.733333333,0,0,0,0.244444444,0,0,0,0,0,0
2,9,2021,0,0,0,0.451612903,0,0.344086022,0.11827957,0,0,0.064516129,0,0,0,0,0,0.021505376
2,9,2022,0,0,0,0.456790123,0,0.222222222,0.111111111,0,0.037037037,0.172839506,0,0,0,0,0,0
2,9,2023,0,0,0,0.32038835,0,0.330097087,0.116504854,0.009708738,0,0.213592233,0,0,0,0,0,0.009708738
2,9,2024,0,0,0,0.2,0,0.3,0.0125,0,0,0.4125,0,0,0,0,0,0.075
2,10,2021,0,0,0,0.52173913,0,0.293478261,0.065217391,0,0.032608696,0.065217391,0,0,0,0,0,0.02173913
2,10,2022,0,0,0,0.288461538,0,0.403846154,0,0,0,0.288461538,0,0,0,0,0,0.019230769
2,10,2023,0,0,0,0.226666667,0,0.613333333,0.013333333,0,0,0.146666667,0,0,0,0,0,0
2,10,2024,0,0,0,0.147058824,0,0.617647059,0.014705882,0,0,0.220588235,0,0,0,0,0,0
2,11,2021,0,0,0,0.480392157,0,0.421568627,0.068627451,0,0.009803922,0.009803922,0,0,0,0,0,0.009803922
2,11,2022,0,0,0,0.35443038,0,0.544303797,0,0,0,0.101265823,0,0,0,0,0,0
2,11,2023,0,0,0,0.219512195,0,0.414634146,0.109756098,0,0,0.256097561,0,0,0,0,0,0
2,11,2024,0,0,0,0.185185185,0,0.469135802,0.074074074,0,0,0.271604938,0,0,0,0,0,0
2,12,2021,0,0,0,0.333333333,0,0.392156863,0,0,0,0.215686275,0,0,0,0,0,0.058823529
2,12,2022,0,0,0,0.230769231,0,0.076923077,0,0,0,0.692307692,0,0,0,0,0,0
2,12,2023,0,0,0,0.142857143,0,0.714285714,0.020408163,0,0,0.12244898,0,0,0,0,0,0
2,12,2024,0,0,0,0.155555556,0,0.622222222,0.044444444,0,0,0.177777778,0,0,0,0,0,0
2,13,2021,0,0,0,0.358024691,0,0.37037037,0.074074074,0,0.024691358,0.061728395,0,0,0,0,0,0.111111111
2,13,2022,0,0,0,0.40625,0,0.333333333,0.072916667,0,0.020833333,0.072916667,0,0,0,0,0,0.09375
2,13,2023,0,0,0,0.523809524,0,0.25,0.035714286,0,0,0.083333333,0,0,0,0,0,0.107142857
2,13,2024,0,0,0,0.291139241,0,0.316455696,0.050632911,0,0,0.075949367,0,0,0.012658228,0,0,0.253164557
3,1,2021,0,0,0,0.619047619,0,0,0.142857143,0,0,0.19047619,0,0,0.047619048,0,0,0
3,1,2022,0,0,0,0.3,0,0,0,0,0,0.7,0,0,0,0,0,0
3,1,2023,0,0,0,0.033333333,0,0.3,0.1,0,0,0.566666667,0,0,0,0,0,0
3,1,2024,0,0,0,0.038461538,0,0.307692308,0.153846154,0,0,0.5,0,0,0,0,0,0
3,2,2021,0,0,0,0.298245614,0,0.456140351,0.157894737,0,0,0.087719298,0,0,0,0,0,0
3,2,2022,0,0,0,0.142857143,0,0,0,0,0,0.857142857,0,0,0,0,0,0
3,2,2023,0,0,0,0.014492754,0,0.405797101,0.101449275,0,0,0.47826087,0,0,0,0,0,0
3,2,2024,0,0,0,0.088888889,0,0.844444444,0,0,0,0.066666667,0,0,0,0,0,0
3,3,2021,0,0,0,0.093023256,0,0.860465116,0,0,0,0.023255814,0,0,0.023255814,0,0,0
3,3,2022,0,0,0,0.106382979,0,0.35106383,0,0,0,0.234042553,0,0,0,0,0,0.308510638
3,3,2023,0,0,0,0.104651163,0,0.348837209,0.011627907,0,0,0.26744186,0,0,0,0,0,0.26744186
3,3,2024,0,0,0,0.144444444,0,0.444444444,0,0,0,0.066666667,0,0,0.011111111,0,0,0.333333333
3,4,2021,0,0,0,0.037037037,0,0.555555556,0,0,0,0.314814815,0,0,0,0,0,0.092592593
3,4,2022,0,0,0,0.076923077,0,0.115384615,0,0,0,0.807692308,0,0,0,0,0,0
3,4,2023,0,0,0,0,0,0.516129032,0,0,0,0.483870968,0,0,0,0,0,0
3,4,2024,0,0,0,0,0,0.973684211,0,0,0,0,0,0,0.026315789,0,0,0
3,5,2021,0,0,0,0.25,0,0.4875,0.025,0,0.0125,0.0625,0,0,0,0,0,0.1625
3,5,2022,0,0,0,0.074074074,0,0.703703704,0,0,0,0.222222222,0,0,0,0,0,0
3,5,2023,0,0,0,0.063492063,0,0.682539683,0,0,0,0.238095238,0,0,0,0,0,0.015873016
3,5,2024,0,0,0,0.127272727,0,0.854545455,0,0,0,0.018181818,0,0,0,0,0,0
3,6,2021,0,0,0,0.018867925,0,0.528301887,0,0,0,0.320754717,0,0,0,0,0,0.132075472
3,6,2022,0,0,0,0,0,0.125,0.0625,0,0,0.8125,0,0,0,0,0,0
3,6,2023,0,0,0,0,0,0.590909091,0.022727273,0,0,0.386363636,0,0,0,0,0,0
3,6,2024,0,0,0,0,0,0.660714286,0,0,0,0.339285714,0,0,0,0,0,0
3,7,2021,0,0,0,0.089552239,0,0.47761194,0.014925373,0,0,0.253731343,0,0,0,0,0,0.164179104
3,7,2022,0,0,0,0.333333333,0,0.066666667,0,0,0,0.533333333,0,0,0,0,0,0.066666667
3,7,2023,0,0,0,0.092307692,0,0.507692308,0.061538462,0,0,0.338461538,0,0,0,0,0,0
3,7,2024,0,0,0,0.131147541,0,0.606557377,0.06557377,0,0,0.196721311,0,0,0,0,0,0
3,8,2021,0,0,0,0,0,0.5625,0.020833333,0,0,0.145833333,0,0,0,0,0,0.270833333
3,8,2022,0,0,0,0,0,0,0,0,0,1,0,0,0,0,0,0
3,8,2023,0,0,0,0,0,0.468085106,0,0,0,0.531914894,0,0,0,0,0,0
3,8,2024,0,0,0,0,0,0.851851852,0,0,0,0.148148148,0,0,0,0,0,0
3,9,2021,0,0,0,0.0875,0,0.3875,0,0,0,0.05,0,0,0,0,0,0.475
3,9,2022,0,0,0,0.141509434,0,0.349056604,0.009433962,0,0,0.094339623,0,0,0,0,0,0.405660377
3,9,2023,0,0,0,0.064814815,0,0.314814815,0,0,0,0.185185185,0,0,0.027777778,0,0,0.407407407
3,9,2024,0,0,0,0.209302326,0,0.302325581,0,0,0,0.034883721,0,0,0.069767442,0,0,0.38372093
3,10,2021,0,0,0,0,0,0.588235294,0,0,0,0.411764706,0,0,0,0,0,0
3,10,2022,0,0,0,0.01754386,0,0.578947368,0,0.035087719,0,0.368421053,0,0,0,0,0,0
3,10,2023,0,0,0,0,0,0.514285714,0,0.014285714,0,0.457142857,0,0,0,0,0,0.014285714
3,10,2024,0,0,0,0,0,0.659574468,0,0,0,0.29787234,0,0,0,0,0,0.042553191
3,11,2021,0,0,0,0.079365079,0,0.634920635,0,0,0,0.031746032,0,0,0,0,0,0.253968254
3,11,2022,0,0,0,0.277777778,0,0.111111111,0,0,0,0.611111111,0,0,0,0,0,0
3,11,2023,0,0,0,0.050847458,0,0.677966102,0,0,0,0.271186441,0,0,0,0,0,0
3,11,2024,0,0,0,0.081081081,0,0.756756757,0,0,0,0.162162162,0,0,0,0,0,0
3,12,2021,0,0,0,0,0,0.461538462,0.076923077,0,0,0.019230769,0,0,0.288461538,0,0,0.153846154
3,12,2022,0,0,0,0.142857143,0,0.142857143,0,0,0,0.714285714,0,0,0,0,0,0
3,12,2023,0,0,0,0,0,0.45,0.175,0,0,0.375,0,0,0,0,0,0
3,12,2024,0,0,0,0.078947368,0,0.473684211,0.105263158,0,0,0.263157895,0,0,0.078947368,0,0,0
3,13,2021,0,0,0,0,0,0.672727273,0.127272727,0,0,0,0,0,0.018181818,0,0,0.181818182
3,13,2022,0,0,0,0,0,0.321428571,0,0,0,0.678571429,0,0,0,0,0,0
3,13,2023,0,0,0,0,0,0.517857143,0.053571429,0,0,0.428571429,0,0,0,0,0,0
3,13,2024,0,0,0,0.047619048,0,0.476190476,0.166666667,0,0,0.285714286,0,0,0,0,0,0.023809524
4,1,2021,0.020408163,0,0,0.571428571,0,0.346938776,0.06122449,0,0,0,0,0,0,0,0,0
4,1,2022,0,0,0,1,0,0,0,0,0,0,0,0,0,0,0,0
4,1,2023,0,0,0,0.142857143,0,0.857142857,0,0,0,0,0,0,0,0,0,0
4,1,2024,0,0,0,0.28,0,0.44,0.28,0,0,0,0,0,0,0,0,0
4,2,2021,0,0,0,0.452830189,0,0,0.433962264,0,0,0.113207547,0,0,0,0,0,0
4,2,2022,0,0,0,0,0,0,0,0,0,0,0,0,0,0,0,0
4,2,2023,0,0,0,0,0,0,0,0,0,1,0,0,0,0,0,0
4,2,2024,0,0,0,0,0,0,1,0,0,0,0,0,0,0,0,0
4,3,2021,0,0,0,0.730769231,0,0.038461538,0.134615385,0,0,0.096153846,0,0,0,0,0,0
4,3,2022,0,0,0,0,0,0,0,0,0,1,0,0,0,0,0,0
4,3,2023,0,0,0,0,0,0.428571429,0,0,0,0.571428571,0,0,0,0,0,0
4,3,2024,0,0,0,0.466666667,0,0.2,0.133333333,0,0,0.2,0,0,0,0,0,0
4,4,2021,0,0,0,0.436619718,0,0.098591549,0.338028169,0,0,0.126760563,0,0,0,0,0,0
4,4,2022,0,0,0,0.472972973,0,0.027027027,0.283783784,0,0,0.202702703,0,0,0,0,0,0.013513514
4,4,2023,0,0,0,0.395348837,0,0.23255814,0.23255814,0,0,0.11627907,0.023255814,0,0,0,0,0
4,4,2024,0,0,0,0.524590164,0,0.163934426,0.098360656,0,0,0.180327869,0,0,0,0,0,0.032786885
4,5,2021,0,0,0,0.875,0,0,0.09375,0,0,0.03125,0,0,0,0,0,0
4,5,2022,0,0,0,0,0,0,0,0,0,0,0,0,0,0,0,0
4,5,2023,0,0,0,0,0,0,0,0,0,1,0,0,0,0,0,0
4,5,2024,0,0,0,0,0,0.428571429,0.428571429,0,0,0.142857143,0,0,0,0,0,0
4,6,2021,0,0,0,0.454545455,0,0.5,0.045454545,0,0,0,0,0,0,0,0,0
4,6,2022,0,0,0,0.75,0,0,0,0,0,0.25,0,0,0,0,0,0
4,6,2023,0,0,0,0,0,0.846153846,0.076923077,0,0,0.076923077,0,0,0,0,0,0
4,6,2024,0,0,0,0.166666667,0,0.619047619,0.214285714,0,0,0,0,0,0,0,0,0
4,7,2021,0,0,0,0.484375,0,0.40625,0.046875,0,0,0.0625,0,0,0,0,0,0
4,7,2022,0,0,0,0.666666667,0,0,0,0,0,0.333333333,0,0,0,0,0,0
4,7,2023,0,0,0,0.038461538,0,0.788461538,0.076923077,0,0,0.096153846,0,0,0,0,0,0
4,7,2024,0,0,0,0.05,0,0.95,0,0,0,0,0,0,0,0,0,0
4,8,2021,0,0,0,0.551724138,0,0.448275862,0,0,0,0,0,0,0,0,0,0
4,8,2022,0,0,0,0.586206897,0,0.264367816,0.137931034,0,0,0.011494253,0,0,0,0,0,0
4,8,2023,0,0,0,0.648648649,0,0.283783784,0.027027027,0,0.013513514,0.027027027,0,0,0,0,0,0
4,8,2024,0,0,0,0.71875,0,0.25,0,0,0,0.03125,0,0,0,0,0,0
4,9,2021,0,0,0,0.685185185,0,0.277777778,0.018518519,0,0.018518519,0,0,0,0,0,0,0
4,9,2022,0,0,0,1,0,0,0,0,0,0,0,0,0,0,0,0
4,9,2023,0,0,0,0.282051282,0,0.487179487,0.179487179,0,0,0.051282051,0,0,0,0,0,0
4,9,2024,0,0,0,0.272727273,0,0.318181818,0.363636364,0,0,0.045454545,0,0,0,0,0,0
4,10,2021,0,0,0,0.795918367,0,0.081632653,0.102040816,0,0.020408163,0,0,0,0,0,0,0
4,10,2022,0,0,0,0.666666667,0,0,0,0,0,0,0.333333333,0,0,0,0,0
4,10,2023,0,0,0,0.133333333,0,0.8,0.066666667,0,0,0,0,0,0,0,0,0
4,10,2024,0,0,0,0.36,0,0.32,0.16,0,0,0,0.16,0,0,0,0,0
4,11,2021,0,0,0,0.53125,0,0.21875,0.21875,0,0,0,0.03125,0,0,0,0,0
4,11,2022,0,0,0,0.6,0,0.4,0,0,0,0,0,0,0,0,0,0
4,11,2023,0,0,0,0.033333333,0,0.933333333,0.033333333,0,0,0,0,0,0,0,0,0
4,11,2024,0,0,0,0.257142857,0,0.4,0.342857143,0,0,0,0,0,0,0,0,0
4,12,2021,0,0,0,0.472727273,0,0.490909091,0,0,0,0,0.036363636,0,0,0,0,0
4,12,2022,0,0,0,0.5875,0,0.1875,0.2125,0,0,0.0125,0,0,0,0,0,0
4,12,2023,0,0,0,0.546511628,0,0.279069767,0.104651163,0,0,0.046511628,0.023255814,0,0,0,0,0
4,12,2024,0,0,0,0.466666667,0,0.293333333,0.133333333,0,0,0.053333333,0.026666667,0,0,0,0,0.026666667
4,13,2021,0,0,0,0.556962025,0,0.253164557,0.139240506,0,0,0,0.050632911,0,0,0,0,0
4,13,2022,0,0,0,0.75,0,0.1,0.05,0,0,0,0.1,0,0,0,0,0
4,13,2023,0,0,0,0.203389831,0,0.372881356,0.237288136,0,0,0.06779661,0.118644068,0,0,0,0,0
4,13,2024,0,0,0,0.283018868,0,0,0.471698113,0,0,0,0.245283019,0,0,0,0,0
5,1,2021,0,0.12987013,0,0.441558442,0,0.428571429,0,0,0,0,0,0,0,0,0,0
5,1,2022,0,0,0,0,0,1,0,0,0,0,0,0,0,0,0,0
5,1,2023,0,0,0,0,0,1,0,0,0,0,0,0,0,0,0,0
5,1,2024,0,0.05,0,0,0,0.95,0,0,0,0,0,0,0,0,0,0
5,2,2021,0,0.234375,0,0.21875,0,0.484375,0,0,0,0,0,0,0.0625,0,0,0
5,2,2022,0,0,0,0,0,1,0,0,0,0,0,0,0,0,0,0
5,2,2023,0,0.033333333,0,0,0,0.966666667,0,0,0,0,0,0,0,0,0,0
5,2,2024,0,0.038461538,0,0,0,0.961538462,0,0,0,0,0,0,0,0,0,0
5,3,2021,0,0.024691358,0,0.530864198,0,0.419753086,0,0,0,0.024691358,0,0,0,0,0,0
5,3,2022,0,0,0,0,0,1,0,0,0,0,0,0,0,0,0,0
5,3,2023,0,0,0,0,0,0.955555556,0,0,0,0.044444444,0,0,0,0,0,0
5,3,2024,0,0,0,0,0,1,0,0,0,0,0,0,0,0,0,0
5,4,2021,0,0.229885057,0,0.333333333,0,0.32183908,0,0,0,0.114942529,0,0,0,0,0,0
5,4,2022,0,0.338582677,0,0.346456693,0,0.173228346,0,0,0.007874016,0.125984252,0,0,0.007874016,0,0,0
5,4,2023,0,0.396551724,0,0.120689655,0,0.465517241,0.017241379,0,0,0,0,0,0,0,0,0
5,4,2024,0,0.505263158,0,0.263157895,0,0.189473684,0,0,0,0.042105263,0,0,0,0,0,0
5,5,2021,0,0,0,0.333333333,0,0.511111111,0,0,0,0.155555556,0,0,0,0,0,0
5,5,2022,0,0,0,0,0,0.833333333,0,0,0,0.166666667,0,0,0,0,0,0
5,5,2023,0,0,0,0,0,0.870967742,0,0,0,0.129032258,0,0,0,0,0,0
5,5,2024,0,0,0,0,0,1,0,0,0,0,0,0,0,0,0,0
5,6,2021,0,0.449275362,0,0.072463768,0,0.463768116,0,0,0.014492754,0,0,0,0,0,0,0
5,6,2022,0,0.481927711,0,0.096385542,0,0.421686747,0,0,0,0,0,0,0,0,0,0
5,6,2023,0,0.323529412,0,0.058823529,0,0.617647059,0,0,0,0,0,0,0,0,0,0
5,6,2024,0,0.396226415,0,0,0,0.603773585,0,0,0,0,0,0,0,0,0,0
5,7,2021,0,0.2,0,0.044444444,0,0.755555556,0,0,0,0,0,0,0,0,0,0
5,7,2022,0,0,0,0,0,0.909090909,0,0,0,0.090909091,0,0,0,0,0,0
5,7,2023,0,0,0,0,0,0.96875,0,0,0.03125,0,0,0,0,0,0,0
5,7,2024,0,0.071428571,0,0,0,0.928571429,0,0,0,0,0,0,0,0,0,0
5,8,2021,0,0.472222222,0,0.180555556,0,0.333333333,0,0,0.013888889,0,0,0,0,0,0,0
5,8,2022,0,0,0,0,0,1,0,0,0,0,0,0,0,0,0,0
5,8,2023,0,0,0,0,0,1,0,0,0,0,0,0,0,0,0,0
5,8,2024,0,0,0,0,0,1,0,0,0,0,0,0,0,0,0,0
5,9,2021,0,0.428571429,0,0,0,0.571428571,0,0,0,0,0,0,0,0,0,0
5,9,2022,0,0.25,0,0,0,0.75,0,0,0,0,0,0,0,0,0,0
5,9,2023,0,0,0,0,0,1,0,0,0,0,0,0,0,0,0,0
5,9,2024,0,0,0,0,0,1,0,0,0,0,0,0,0,0,0,0
5,10,2021,0,0,0,0.82,0,0,0.18,0,0,0,0,0,0,0,0,0
5,10,2022,0,0,0,0,0,0.2,0.2,0,0,0.6,0,0,0,0,0,0
5,10,2023,0,0,0,0,0,0.5,0,0,0,0.5,0,0,0,0,0,0
5,10,2024,0,0,0,0,0,0,0.333333333,0,0,0.666666667,0,0,0,0,0,0
5,11,2021,0,0,0,0.477777778,0,0.4,0.022222222,0,0,0.044444444,0.055555556,0,0,0,0,0
5,11,2022,0,0,0,0,0,0.3125,0,0,0,0.375,0.3125,0,0,0,0,0
5,11,2023,0,0,0,0,0,0.510638298,0.042553191,0,0,0.255319149,0.191489362,0,0,0,0,0
5,11,2024,0,0,0,0,0,0.681818182,0.090909091,0,0,0,0.227272727,0,0,0,0,0
5,12,2021,0,0.175675676,0,0.243243243,0,0.567567568,0,0,0.013513514,0,0,0,0,0,0,0
5,12,2022,0,0.323529412,0,0.264705882,0,0.411764706,0,0,0,0,0,0,0,0,0,0
5,12,2023,0,0.5,0,0.051020408,0,0.448979592,0,0,0,0,0,0,0,0,0,0
5,12,2024,0,0.554054054,0,0,0,0.445945946,0,0,0,0,0,0,0,0,0,0
5,13,2021,0,0,0,0,0,0.918918919,0,0.081081081,0,0,0,0,0,0,0,0
5,13,2022,0,0,0,0,0,1,0,0,0,0,0,0,0,0,0,0
5,13,2023,0,0,0,0,0,1,0,0,0,0,0,0,0,0,0,0
5,13,2024,0,0,0,0,0,1,0,0,0,0,0,0,0,0,0,0
6,1,2021,0,0.017857143,0.339285714,0.357142857,0,0.285714286,0,0,0,0,0,0,0,0,0,0
6,1,2022,0,0,0.5,0,0,0.5,0,0,0,0,0,0,0,0,0,0
6,1,2023,0,0,0,0,0,1,0,0,0,0,0,0,0,0,0,0
6,1,2024,0,0,0.25,0.125,0,0.625,0,0,0,0,0,0,0,0,0,0
6,2,2021,0,0.019230769,0.326923077,0.461538462,0,0.153846154,0,0,0.038461538,0,0,0,0,0,0,0
6,2,2022,0,0,0.39,0.15,0,0.15,0,0,0.27,0.03,0,0,0,0.01,0,0
6,2,2023,0,0,0.580645161,0.14516129,0,0.225806452,0,0,0.016129032,0.016129032,0,0,0,0.016129032,0,0
6,2,2024,0,0,0.725806452,0.080645161,0,0.129032258,0,0,0.016129032,0,0,0,0,0.048387097,0,0
6,3,2021,0,0.018867925,0.264150943,0.264150943,0,0.20754717,0.018867925,0,0.20754717,0.018867925,0,0,0,0,0,0
6,3,2022,0,0,0.24691358,0.135802469,0,0.074074074,0.012345679,0,0.320987654,0.209876543,0,0,0,0,0,0
6,3,2023,0,0.12962963,0.314814815,0.037037037,0,0.296296296,0.018518519,0,0.037037037,0.166666667,0,0,0,0,0,0
6,3,2024,0,0,0.621621622,0.175675676,0.040540541,0.054054054,0,0,0.013513514,0.094594595,0,0,0,0,0,0
6,4,2021,0,0,0,0.658536585,0,0.243902439,0,0,0.097560976,0,0,0,0,0,0,0
6,4,2022,0,0,0,0,0,0,0,0,0,0,0,0,0,0,0,0
6,4,2023,0,0,0.035714286,0.071428571,0,0.785714286,0,0,0,0.035714286,0.071428571,0,0,0,0,0
6,4,2024,0,0,0.142857143,0.057142857,0.171428571,0.571428571,0,0,0,0,0.057142857,0,0,0,0,0
6,5,2021,0,0,0,0.519230769,0,0.211538462,0,0,0.076923077,0.019230769,0.173076923,0,0,0,0,0
6,5,2022,0,0,0,0,0,0,0,0,0,0,0,0,0,0,0,0
6,5,2023,0,0,0,0.043478261,0,0.782608696,0,0,0,0,0.173913043,0,0,0,0,0
6,5,2024,0,0,0,0.35,0.2,0.3,0,0,0,0,0.15,0,0,0,0,0
6,6,2021,0,0.033333333,0.066666667,0.733333333,0,0.166666667,0,0,0,0,0,0,0,0,0,0
6,6,2022,0,0,0,0.333333333,0,0,0,0,0,0,0.666666667,0,0,0,0,0
6,6,2023,0,0.076923077,0,0,0,0.692307692,0,0,0.076923077,0,0.153846154,0,0,0,0,0
6,6,2024,0,0.222222222,0,0,0,0.777777778,0,0,0,0,0,0,0,0,0,0
6,7,2021,0,0,0,0.706896552,0,0.137931034,0,0.034482759,0.017241379,0.034482759,0.051724138,0,0,0.017241379,0,0
6,7,2022,0,0,0,1,0,0,0,0,0,0,0,0,0,0,0,0
6,7,2023,0,0,0,0.2,0,0.6,0.1,0,0,0.1,0,0,0,0,0,0
6,7,2024,0,0,0,0.6,0,0.24,0.12,0,0,0,0,0,0,0.04,0,0
6,8,2021,0,0,0,0.727272727,0,0.127272727,0.036363636,0,0.018181818,0.036363636,0.054545455,0,0,0,0,0
6,8,2022,0,0,0,0,0,0.5,0,0,0,0,0.5,0,0,0,0,0
6,8,2023,0,0,0,0,0,0.375,0.03125,0,0,0.0625,0.53125,0,0,0,0,0
6,8,2024,0,0,0,0.029411765,0,0.617647059,0,0,0,0,0.323529412,0,0,0.029411765,0,0
6,9,2021,0,0.039215686,0,0.784313725,0,0.117647059,0,0,0,0.039215686,0.019607843,0,0,0,0,0
6,9,2022,0,0,0,0,0,0.666666667,0,0,0,0.333333333,0,0,0,0,0,0
6,9,2023,0,0,0,0.133333333,0,0.8,0,0,0,0,0.066666667,0,0,0,0,0
6,9,2024,0,0,0,0,0,0.8125,0,0,0,0.0625,0.125,0,0,0,0,0
6,10,2021,0,0,0,0.708333333,0,0.1875,0,0,0.020833333,0,0.083333333,0,0,0,0,0
6,10,2022,0,0,0,0.666666667,0,0,0,0,0,0.333333333,0,0,0,0,0,0
6,10,2023,0,0,0,0,0,0.793103448,0,0,0,0,0.206896552,0,0,0,0,0
6,10,2024,0,0,0,0.275862069,0,0.551724138,0,0,0,0.103448276,0.068965517,0,0,0,0,0
6,11,2021,0,0.035087719,0,0.719298246,0,0.122807018,0.070175439,0,0.01754386,0,0.035087719,0,0,0,0,0
6,11,2022,0,0,0,0,0,0,0,0,0,0,0,0,0,0,0,0
6,11,2023,0,0,0,0.111111111,0,0.444444444,0,0,0,0,0.444444444,0,0,0,0,0
6,11,2024,0,0.181818182,0,0.181818182,0,0.431818182,0.022727273,0,0,0,0.181818182,0,0,0,0,0
6,12,2021,0,0,0.142857143,0.547619048,0,0.095238095,0,0.023809524,0.142857143,0,0,0,0,0.047619048,0,0
6,12,2022,0,0,0,0,0,0,0,0,0,0,0,0,0,0,0,0
6,12,2023,0,0,0,0,0,1,0,0,0,0,0,0,0,0,0,0
6,12,2024,0,0,0.085714286,0.171428571,0.028571429,0.657142857,0,0,0,0,0,0,0,0.057142857,0,0
6,13,2021,0,0,0.02,0.78,0,0.18,0,0,0.02,0,0,0,0,0,0,0
6,13,2022,0,0.117647059,0.029411765,0.323529412,0,0.205882353,0.117647059,0,0.205882353,0,0,0,0,0,0,0
6,13,2023,0,0.344827586,0.051724138,0.137931034,0,0.362068966,0.068965517,0,0.017241379,0,0,0,0,0.017241379,0,0
6,13,2024,0,0.367924528,0.066037736,0.330188679,0,0.169811321,0.028301887,0,0,0,0,0,0,0.037735849,0,0
7,1,2021,0,0,0,0.035714286,0,0.678571429,0,0.035714286,0,0.142857143,0,0,0.071428571,0,0,0.035714286
7,1,2022,0,0,0,0.137254902,0,0.666666667,0.019607843,0,0,0.098039216,0,0,0.078431373,0,0,0
7,1,2023,0,0,0,0.084745763,0,0.593220339,0,0,0,0.169491525,0,0,0.06779661,0,0,0.084745763
7,1,2024,0,0,0,0.066666667,0,0.755555556,0,0,0,0.066666667,0,0,0.111111111,0,0,0
7,2,2021,0,0,0,0.686567164,0,0.253731343,0.059701493,0,0,0,0,0,0,0,0,0
7,2,2022,0,0,0,0,0,1,0,0,0,0,0,0,0,0,0,0
7,2,2023,0,0,0,0.111111111,0,0.814814815,0.074074074,0,0,0,0,0,0,0,0,0
7,2,2024,0,0,0,0.048780488,0,0.780487805,0.170731707,0,0,0,0,0,0,0,0,0
7,3,2021,0,0,0,0.823529412,0,0.117647059,0.058823529,0,0,0,0,0,0,0,0,0
7,3,2022,0,0,0,0,0,0,0,0,0,0,0,0,0,0,0,0
7,3,2023,0,0,0,0,0,1,0,0,0,0,0,0,0,0,0,0
7,3,2024,0,0,0,0.454545455,0,0.409090909,0.136363636,0,0,0,0,0,0,0,0,0
7,4,2021,0,0,0,0.605263158,0,0.315789474,0.078947368,0,0,0,0,0,0,0,0,0
7,4,2022,0,0,0,1,0,0,0,0,0,0,0,0,0,0,0,0
7,4,2023,0,0,0,0,0,1,0,0,0,0,0,0,0,0,0,0
7,4,2024,0,0,0,0.227272727,0,0.772727273,0,0,0,0,0,0,0,0,0,0
7,5,2021,0,0,0,0.695652174,0,0.304347826,0,0,0,0,0,0,0,0,0,0
7,5,2022,0,0,0,1,0,0,0,0,0,0,0,0,0,0,0,0
7,5,2023,0,0,0,0.166666667,0,0.833333333,0,0,0,0,0,0,0,0,0,0
7,5,2024,0,0,0,0.189189189,0,0.810810811,0,0,0,0,0,0,0,0,0,0
7,6,2021,0,0,0,0.525,0,0.25,0.175,0.025,0,0.025,0,0,0,0,0,0
7,6,2022,0,0,0,0,0,0.75,0,0,0,0.25,0,0,0,0,0,0
7,6,2023,0,0,0,0.157894737,0,0.578947368,0.263157895,0,0,0,0,0,0,0,0,0
7,6,2024,0,0,0,0.166666667,0,0.708333333,0.125,0,0,0,0,0,0,0,0,0
7,7,2021,0,0,0,0.209302326,0,0.488372093,0.023255814,0,0,0.186046512,0,0,0,0,0,0.093023256
7,7,2022,0,0,0,0.208791209,0,0.340659341,0.021978022,0,0,0.241758242,0,0,0,0,0,0.186813187
7,7,2023,0,0,0,0.08,0,0.52,0.12,0,0,0.093333333,0,0,0,0,0,0.186666667
7,7,2024,0,0,0,0.181818182,0,0.480519481,0,0,0,0.038961039,0,0,0.025974026,0,0,0.272727273
7,8,2021,0,0,0,0.549295775,0,0.38028169,0.056338028,0,0,0.014084507,0,0,0,0,0,0
7,8,2022,0,0,0,0.6,0,0,0,0,0,0.4,0,0,0,0,0,0
7,8,2023,0,0,0,0.058823529,0,0.941176471,0,0,0,0,0,0,0,0,0,0
7,8,2024,0,0,0,0.0625,0,0.90625,0,0,0,0.03125,0,0,0,0,0,0
7,9,2021,0,0,0,0.404255319,0,0.319148936,0.276595745,0,0,0,0,0,0,0,0,0
7,9,2022,0,0,0,1,0,0,0,0,0,0,0,0,0,0,0,0
7,9,2023,0,0,0,0,0,1,0,0,0,0,0,0,0,0,0,0
7,9,2024,0,0,0,0.052631579,0,0.894736842,0.052631579,0,0,0,0,0,0,0,0,0
7,10,2021,0,0,0,0.666666667,0,0.26984127,0.063492063,0,0,0,0,0,0,0,0,0
7,10,2022,0,0,0,0.571428571,0,0.428571429,0,0,0,0,0,0,0,0,0,0
7,10,2023,0,0,0,0.307692308,0,0.692307692,0,0,0,0,0,0,0,0,0,0
7,10,2024,0,0,0,0.428571429,0,0.321428571,0.25,0,0,0,0,0,0,0,0,0
7,11,2021,0,0,0,0.756097561,0,0.219512195,0.024390244,0,0,0,0,0,0,0,0,0
7,11,2022,0,0,0,0,0,0,0,0,0,0,0,0,0,0,0,0
7,11,2023,0,0,0,0,0,1,0,0,0,0,0,0,0,0,0,0
7,11,2024,0,0,0,0,0,1,0,0,0,0,0,0,0,0,0,0
7,12,2021,0,0,0,0.647058824,0,0.352941176,0,0,0,0,0,0,0,0,0,0
7,12,2022,0,0,0,0.75,0,0.25,0,0,0,0,0,0,0,0,0,0
7,12,2023,0,0,0,0,0,1,0,0,0,0,0,0,0,0,0,0
7,12,2024,0,0,0,0,0,1,0,0,0,0,0,0,0,0,0,0
7,13,2021,0,0,0,0.847826087,0,0.130434783,0,0,0,0,0.02173913,0,0,0,0,0
7,13,2022,0,0,0,0.76119403,0,0.208955224,0.029850746,0,0,0,0,0,0,0,0,0
7,13,2023,0,0,0,0.666666667,0,0.277777778,0.055555556,0,0,0,0,0,0,0,0,0
7,13,2024,0,0,0,0.712121212,0,0.196969697,0.075757576,0,0.015151515,0,0,0,0,0,0,0
8,1,2021,0,0.372881356,0,0.305084746,0,0.220338983,0.06779661,0,0.033898305,0,0,0,0,0,0,0
8,1,2022,0,0.1,0,0,0,0.8,0,0,0,0.1,0,0,0,0,0,0
8,1,2023,0,0.128205128,0,0,0,0.871794872,0,0,0,0,0,0,0,0,0,0
8,1,2024,0,0.622641509,0,0.056603774,0,0.283018868,0,0,0,0.037735849,0,0,0,0,0,0
8,2,2021,0,0.289473684,0,0.157894737,0,0.5,0.052631579,0,0,0,0,0,0,0,0,0
8,2,2022,0,0,0,0,0,1,0,0,0,0,0,0,0,0,0,0
8,2,2023,0,0.054054054,0,0,0,0.918918919,0,0,0,0.027027027,0,0,0,0,0,0
8,2,2024,0,0.382978723,0,0.085106383,0,0.361702128,0.14893617,0,0,0.021276596,0,0,0,0,0,0
8,3,2021,0,0.142857143,0.035714286,0.035714286,0,0.392857143,0.392857143,0,0,0,0,0,0,0,0,0
8,3,2022,0,0,0,0,0,1,0,0,0,0,0,0,0,0,0,0
8,3,2023,0,0.078947368,0,0,0,0.868421053,0.052631579,0,0,0,0,0,0,0,0,0
8,3,2024,0,0.285714286,0.023809524,0.071428571,0,0.380952381,0.238095238,0,0,0,0,0,0,0,0,0
8,4,2021,0,0.264705882,0.029411765,0.058823529,0,0.323529412,0.294117647,0,0.029411765,0,0,0,0,0,0,0
8,4,2022,0,0,0,0,0,0,0,0,0,0,0,0,0,0,0,0
8,4,2023,0,0.095238095,0,0,0,0.761904762,0.095238095,0,0.047619048,0,0,0,0,0,0,0
8,4,2024,0,0.244444444,0.177777778,0,0,0.244444444,0.311111111,0,0,0.022222222,0,0,0,0,0,0
8,5,2021,0,0.227272727,0,0.227272727,0,0.181818182,0.363636364,0,0,0,0,0,0,0,0,0
8,5,2022,0,0.021052632,0,0.378947368,0,0.052631579,0.463157895,0,0.021052632,0.063157895,0,0,0,0,0,0
8,5,2023,0,0.222222222,0,0.388888889,0,0.138888889,0.222222222,0,0.027777778,0,0,0,0,0,0,0
8,5,2024,0,0.38,0,0.35,0,0,0.21,0,0.01,0.03,0,0,0.02,0,0,0
8,6,2021,0,0.166666667,0.041666667,0.333333333,0,0.125,0.291666667,0,0,0.041666667,0,0,0,0,0,0
8,6,2022,0,0,0,0,0,0,0,0,0,1,0,0,0,0,0,0
8,6,2023,0,0.125,0,0.125,0,0.5,0.25,0,0,0,0,0,0,0,0,0
8,6,2024,0,0.204545455,0,0.113636364,0,0.090909091,0.590909091,0,0,0,0,0,0,0,0,0
8,7,2021,0,0.177777778,0,0.288888889,0,0.244444444,0.288888889,0,0,0,0,0,0,0,0,0
8,7,2022,0,0,0,0,0,0,0,0,0,0,0,0,0,0,0,0
8,7,2023,0,0,0,0,0,0.869565217,0.086956522,0,0,0.043478261,0,0,0,0,0,0
8,7,2024,0,0.3125,0,0,0,0.4375,0.25,0,0,0,0,0,0,0,0,0
8,8,2021,0,0.533333333,0,0.133333333,0,0.133333333,0.133333333,0,0,0,0,0,0.066666667,0,0,0
8,8,2022,0,0,0,0,0,0,0,0,0,0,0,0,0,0,0,0
8,8,2023,0,0,0,0,0,0,0.5,0,0.5,0,0,0,0,0,0,0
8,8,2024,0,0.48,0,0,0,0.16,0.36,0,0,0,0,0,0,0,0,0
8,9,2021,0,0.324324324,0,0.027027027,0,0.567567568,0.054054054,0,0,0,0,0,0.027027027,0,0,0
8,9,2022,0,0.417910448,0,0.164179104,0,0.298507463,0.029850746,0,0,0.044776119,0,0,0.044776119,0,0,0
8,9,2023,0,0.275862069,0,0.114942529,0,0.448275862,0.045977011,0,0,0.08045977,0,0,0.034482759,0,0,0
8,9,2024,0,0.565217391,0,0.101449275,0,0.115942029,0.014492754,0,0,0.014492754,0,0,0.188405797,0,0,0
8,10,2021,0,0.368421053,0,0.026315789,0,0.447368421,0.052631579,0,0,0,0,0,0.105263158,0,0,0
8,10,2022,0,0,0,0,0,1,0,0,0,0,0,0,0,0,0,0
8,10,2023,0,0.038461538,0,0,0,0.846153846,0.096153846,0,0,0.019230769,0,0,0,0,0,0
8,10,2024,0,0.041666667,0,0,0,0.958333333,0,0,0,0,0,0,0,0,0,0
8,11,2021,0,0.424242424,0,0,0,0.575757576,0,0,0,0,0,0,0,0,0,0
8,11,2022,0,0,0,0,0,0,0,0,0,0,0,0,0,0,0,0
8,11,2023,0,0.057142857,0,0,0,0.942857143,0,0,0,0,0,0,0,0,0,0
8,11,2024,0,0.305555556,0,0,0,0.694444444,0,0,0,0,0,0,0,0,0,0
8,12,2021,0,0.30952381,0,0.047619048,0,0.285714286,0.333333333,0,0,0.023809524,0,0,0,0,0,0
8,12,2022,0,0.074468085,0.010638298,0.265957447,0,0.20212766,0.276595745,0,0.063829787,0.095744681,0,0,0.010638298,0,0,0
8,12,2023,0,0.490566038,0.037735849,0,0,0.320754717,0.018867925,0,0,0.094339623,0,0,0.018867925,0.018867925,0,0
8,12,2024,0,0.536585366,0,0.048780488,0,0.146341463,0.012195122,0,0,0.182926829,0,0,0.06097561,0.012195122,0,0
8,13,2021,0,0.25,0.035714286,0,0,0.285714286,0.214285714,0,0,0,0,0,0.214285714,0,0,0
8,13,2022,0,0,0,0,0,0,0,0,0,0,0,0,0,0,0,0
8,13,2023,0,0,0,0,0,0.857142857,0,0,0,0.142857143,0,0,0,0,0,0
8,13,2024,0,0.32,0,0,0,0.56,0,0,0,0,0,0,0.12,0,0,0
9,1,2021,0,0.130434783,0,0.108695652,0,0.456521739,0,0,0,0.02173913,0,0,0.282608696,0,0,0
9,1,2022,0,0.198198198,0,0.108108108,0,0.216216216,0.009009009,0,0.009009009,0.063063063,0,0,0.396396396,0,0,0
9,1,2023,0,0.129032258,0,0.043010753,0,0.344086022,0,0,0,0.010752688,0,0,0.47311828,0,0,0
9,1,2024,0,0.170212766,0,0,0,0.308510638,0,0,0.010638298,0.021276596,0,0,0.489361702,0,0,0
9,2,2021,0,0.294117647,0.029411765,0.176470588,0,0.088235294,0,0,0.323529412,0.058823529,0,0,0.029411765,0,0,0
9,2,2022,0,0,0,0.142857143,0,0,0,0,0.142857143,0.714285714,0,0,0,0,0,0
9,2,2023,0,0.064516129,0,0,0,0.774193548,0,0,0,0.161290323,0,0,0,0,0,0
9,2,2024,0,0.243902439,0.024390244,0.024390244,0,0.268292683,0,0,0,0.146341463,0,0,0.292682927,0,0,0
9,3,2021,0,0.325301205,0.060240964,0.144578313,0.012048193,0.204819277,0,0,0.21686747,0.036144578,0,0,0,0,0,0
9,3,2022,0,0,0,0,0,0,0,0,0,0.818181818,0,0,0,0.181818182,0,0
9,3,2023,0,0.222222222,0,0,0,0.777777778,0,0,0,0,0,0,0,0,0,0
9,3,2024,0,0.421052632,0.175438596,0,0,0.315789474,0,0,0,0.035087719,0,0,0,0.01754386,0,0.035087719
9,4,2021,0,0.2,0.054545455,0.218181818,0,0.145454545,0,0,0.381818182,0,0,0,0,0,0,0
9,4,2022,0,0.2,0.2,0,0,0.3,0,0,0,0.1,0,0,0,0.2,0,0
9,4,2023,0,0,0.214285714,0,0,0.785714286,0,0,0,0,0,0,0,0,0,0
9,4,2024,0,0.555555556,0.037037037,0.111111111,0,0.222222222,0,0,0,0.074074074,0,0,0,0,0,0
9,5,2021,0,0.263157895,0.157894737,0.394736842,0,0,0,0,0.131578947,0.052631579,0,0,0,0,0,0
9,5,2022,0,0.0875,0.2375,0.1375,0,0.0125,0,0,0.225,0.1625,0,0.1125,0.0125,0.0125,0,0
9,5,2023,0,0.25,0.196428571,0.053571429,0,0.035714286,0,0,0.339285714,0.125,0,0,0,0,0,0
9,5,2024,0,0.233333333,0.316666667,0.033333333,0,0.05,0,0.016666667,0.05,0.283333333,0,0,0,0.016666667,0,0
9,6,2021,0,0.288135593,0.033898305,0.237288136,0,0.203389831,0,0,0.203389831,0.033898305,0,0,0,0,0,0
9,6,2022,0,0,0,0,0,0,0,0,0,0,0,0,0,1,0,0
9,6,2023,0,0.111111111,0,0,0,0.666666667,0,0,0.222222222,0,0,0,0,0,0,0
9,6,2024,0,0.307692308,0.230769231,0,0,0.461538462,0,0,0,0,0,0,0,0,0,0
9,7,2021,0,0.50877193,0.105263158,0.157894737,0,0,0,0.01754386,0.122807018,0.070175439,0,0,0.01754386,0,0,0
9,7,2022,0,0.666666667,0,0,0,0,0,0,0,0.333333333,0,0,0,0,0,0
9,7,2023,0,0,0,0,0,0.25,0,0,0.5,0.25,0,0,0,0,0,0
9,7,2024,0,0,0,0,0,0.2,0,0,0,0.6,0,0,0.2,0,0,0
9,8,2021,0,0.357142857,0.071428571,0.392857143,0,0.178571429,0,0,0,0,0,0,0,0,0,0
9,8,2022,0,0,0,0,0,0,0,0,0,1,0,0,0,0,0,0
9,8,2023,0,0.103448276,0,0,0,0.793103448,0,0,0,0.103448276,0,0,0,0,0,0
9,8,2024,0,0.28,0.18,0.08,0,0.34,0,0,0.02,0.1,0,0,0,0,0,0
9,9,2021,0,0.625,0.025,0.125,0,0,0,0.025,0.1,0.1,0,0,0,0,0,0
9,9,2022,0,0,0,0,0,0,0,0,0,1,0,0,0,0,0,0
9,9,2023,0,0,0,0,0,0,0,0,0,1,0,0,0,0,0,0
9,9,2024,0,0,0,0,0,0.5,0,0,0,0.5,0,0,0,0,0,0
9,10,2021,0,0.153846154,0.115384615,0.307692308,0,0.115384615,0,0.038461538,0.038461538,0.192307692,0,0,0,0.038461538,0,0
9,10,2022,0,0,0,0,0,0,0,0,0,1,0,0,0,0,0,0
9,10,2023,0,0,0,0,0,0.875,0,0,0,0.125,0,0,0,0,0,0
9,10,2024,0,0.125,0,0,0,0.375,0,0,0,0.1875,0,0,0,0.3125,0,0
9,11,2021,0,0.194029851,0.059701493,0.298507463,0,0,0,0.029850746,0.388059701,0.014925373,0,0,0,0.014925373,0,0
9,11,2022,0,1,0,0,0,0,0,0,0,0,0,0,0,0,0,0
9,11,2023,0,0,0,0,0,0.833333333,0,0,0.166666667,0,0,0,0,0,0,0
9,11,2024,0,0.214285714,0.357142857,0.071428571,0,0,0,0,0,0.071428571,0,0,0,0.285714286,0,0
9,12,2021,0,0.214285714,0.214285714,0.214285714,0,0.053571429,0,0,0.178571429,0.125,0,0,0,0,0,0
9,12,2022,0,0,0,0,0,0,0,0,0,1,0,0,0,0,0,0
9,12,2023,0,0,0,0,0,0,0,0,0,1,0,0,0,0,0,0
9,12,2024,0,0,0.4,0,0,0,0,0,0,0.4,0,0,0.2,0,0,0
9,13,2021,0,0.06779661,0.389830508,0.186440678,0,0.050847458,0,0,0.050847458,0.254237288,0,0,0,0,0,0
9,13,2022,0,0.077777778,0.355555556,0.133333333,0,0.044444444,0,0,0.066666667,0.288888889,0,0.033333333,0,0,0,0
9,13,2023,0,0.294117647,0,0,0,0.058823529,0,0,0.235294118,0.411764706,0,0,0,0,0,0
9,13,2024,0,0.011111111,0.366666667,0.177777778,0,0.022222222,0,0.022222222,0.011111111,0.288888889,0,0.1,0,0,0,0
10,1,2021,0,0.328358209,0,0.432835821,0,0.223880597,0,0,0,0,0,0,0,0.014925373,0,0
10,1,2022,0,0,0,0,0,0,0,0,0,0,0,0,0,0,0,0
10,1,2023,0,0,0,0,0,1,0,0,0,0,0,0,0,0,0,0
10,1,2024,0,0.230769231,0,0.038461538,0,0.692307692,0,0,0,0,0,0,0,0.038461538,0,0
10,2,2021,0,0.293103448,0.017241379,0.568965517,0,0.051724138,0,0,0.051724138,0,0,0,0,0,0,0.017241379
10,2,2022,0,0.268817204,0.021505376,0.419354839,0,0.150537634,0,0,0.096774194,0.010752688,0,0,0,0,0,0.032258065
10,2,2023,0,0.775862069,0,0,0,0.224137931,0,0,0,0,0,0,0,0,0,0
10,2,2024,0,0.618421053,0,0.223684211,0,0.144736842,0,0,0.013157895,0,0,0,0,0,0,0
10,3,2021,0,0.125,0,0.375,0,0.208333333,0,0,0.208333333,0.041666667,0,0,0,0,0,0.041666667
10,3,2022,0,0.25,0,0,0,0.25,0,0,0,0.5,0,0,0,0,0,0
10,3,2023,0,0,0,0,0,1,0,0,0,0,0,0,0,0,0,0
10,3,2024,0,0.133333333,0,0,0,0.866666667,0,0,0,0,0,0,0,0,0,0
10,4,2021,0,0.296703297,0,0.395604396,0,0.241758242,0,0.010989011,0.032967033,0,0,0,0,0.021978022,0,0
10,4,2022,0,0.75,0,0,0,0.25,0,0,0,0,0,0,0,0,0,0
10,4,2023,0,0,0,0,0,1,0,0,0,0,0,0,0,0,0,0
10,4,2024,0,0.176470588,0,0,0,0.823529412,0,0,0,0,0,0,0,0,0,0
10,5,2021,0,0.340206186,0.051546392,0.216494845,0,0.381443299,0,0,0.010309278,0,0,0,0,0,0,0
10,5,2022,0,0.529411765,0,0.235294118,0,0.235294118,0,0,0,0,0,0,0,0,0,0
10,5,2023,0,0.088235294,0,0.029411765,0,0.882352941,0,0,0,0,0,0,0,0,0,0
10,5,2024,0,0.346153846,0,0.076923077,0,0.576923077,0,0,0,0,0,0,0,0,0,0
10,6,2021,0,0.148648649,0.054054054,0.581081081,0,0.175675676,0,0,0.027027027,0.013513514,0,0,0,0,0,0
10,6,2022,0,0.160493827,0.160493827,0.382716049,0,0.234567901,0,0,0.024691358,0.037037037,0,0,0,0,0,0
10,6,2023,0,0.222222222,0.12962963,0,0,0.62962963,0,0,0.018518519,0,0,0,0,0,0,0
10,6,2024,0,0.4,0.254545455,0.181818182,0,0.163636364,0,0,0,0,0,0,0,0,0,0
10,7,2021,0,0.166666667,0.071428571,0.404761905,0,0.297619048,0,0,0,0,0,0,0,0,0,0.05952381
10,7,2022,0,0,0,0.258064516,0,0.741935484,0,0,0,0,0,0,0,0,0,0
10,7,2023,0,0.166666667,0,0,0,0.8125,0,0.020833333,0,0,0,0,0,0,0,0
10,7,2024,0,0.4,0.057142857,0,0,0.542857143,0,0,0,0,0,0,0,0,0,0
10,8,2021,0,0.121212121,0,0.46969697,0.015151515,0.318181818,0,0,0.060606061,0.015151515,0,0,0,0,0,0
10,8,2022,0,0,0,0.111111111,0.111111111,0.777777778,0,0,0,0,0,0,0,0,0,0
10,8,2023,0,0.136363636,0,0,0,0.863636364,0,0,0,0,0,0,0,0,0,0
10,8,2024,0,0.45,0,0,0,0.55,0,0,0,0,0,0,0,0,0,0
10,9,2021,0,0.157894737,0,0.561403509,0,0.263157895,0,0,0,0.01754386,0,0,0,0,0,0
10,9,2022,0,0,0,0,0,0.833333333,0,0,0,0.166666667,0,0,0,0,0,0
10,9,2023,0,0.15625,0,0,0,0.84375,0,0,0,0,0,0,0,0,0,0
10,9,2024,0,0.263157895,0,0.052631579,0,0.684210526,0,0,0,0,0,0,0,0,0,0
10,10,2021,0,0.094339623,0,0.58490566,0,0.20754717,0,0,0.075471698,0.018867925,0,0,0,0.018867925,0,0
10,10,2022,0,0,0,0,0,0.416666667,0,0,0.25,0.333333333,0,0,0,0,0,0
10,10,2023,0,0,0,0,0,0.948717949,0,0,0,0.051282051,0,0,0,0,0,0
10,10,2024,0,0.085714286,0,0,0,0.828571429,0,0,0,0.085714286,0,0,0,0,0,0
10,11,2021,0,0.289473684,0,0.25,0,0.434210526,0,0,0,0.026315789,0,0,0,0,0,0
10,11,2022,0,0.376811594,0,0.101449275,0,0.362318841,0,0,0.014492754,0.130434783,0,0,0,0.014492754,0,0
10,11,2023,0,0.220338983,0,0.016949153,0,0.627118644,0,0,0,0.13559322,0,0,0,0,0,0
10,11,2024,0,0.555555556,0,0,0,0.37037037,0,0,0,0.074074074,0,0,0,0,0,0
10,12,2021,0,0.063492063,0,0.73015873,0,0.174603175,0,0.015873016,0,0,0,0,0,0.015873016,0,0
10,12,2022,0,0,0,0.166666667,0,0.833333333,0,0,0,0,0,0,0,0,0,0
10,12,2023,0,0,0,0.037037037,0,0.962962963,0,0,0,0,0,0,0,0,0,0
10,12,2024,0,0.111111111,0,0,0,0.888888889,0,0,0,0,0,0,0,0,0,0
10,13,2021,0,0.230769231,0,0.446153846,0,0.215384615,0.030769231,0,0,0.030769231,0,0,0,0,0,0.046153846
10,13,2022,0,0,0.090909091,0.454545455,0,0.181818182,0,0,0,0.090909091,0,0,0,0.181818182,0,0
10,13,2023,0,0,0,0.05,0,0.85,0,0,0,0.1,0,0,0,0,0,0
10,13,2024,0,0.19047619,0,0.095238095,0,0.619047619,0,0,0.047619048,0.047619048,0,0,0,0,0,0
